Site,Phase Name,Phase Number
1800,A,2
1800,B,4
1800,A,6
1800,B,8
1801,A,2
1801,A,6
1801,A,2
1802,A,2
1802,B,4
1802,A,6
1802,B,8
1803,A,2
1803,A,6
1804,A,2
1804,A,6
1805,A,2
1805,B,4
1805,A,6
1805,B,8
1806,A,2
1806,A,6
1807,A,2
1807,A,6
1807,A,2
1808,A,2
1808,A,6
1808,A,2
1808,A,9
1809,A,2
1809,B,4
1809,A,6
1809,B,8
1809,A,2
1810,A,6
1810,A,2
1810,A,6
1811,A,2
1811,B,4
1811,B,8
1812,A,2
1812,A,2
1812,A,6
7300,A,2
7300,B,3
7300,C,4
7300,A,6
7300,B,7
7300,C,8
7300,A,2
7300,A,6
7301,A,2
7301,B,3
7301,C,4
7301,A,6
7301,A,6
7301,A,2
7302,A,2
7302,B,3
7302,C,4
7302,A,6
7302,B,7
7302,C,8
7302,A,2
7303,A,10
7303,E,3
7303,E,5
7303,C,2
7303,A,9
7303,C,4
7303,G,12
7303,A,11
7303,B,1
7303,E,6
7303,C,4
7304,A,2
7304,B,4
7304,C,1
7304,A,6
7304,B,8
7305,C,1
7305,A,2
7305,B,4
7305,C,5
7305,A,6
7305,B,8
7305,A,6
7305,C,1
7305,C,5
7305,A,2
7306,C,1
7306,A,2
7306,B,4
7306,C,5
7306,A,6
7306,C,1
7306,A,6
7307,D,1
7307,A,2
7307,B,3
7307,C,4
7307,D,5
7307,A,6
7307,B,7
7307,C,8
7307,A,2
7307,D,1
7307,A,2
7307,D,5
7307,A,6
7307,A,6
7307,A,6
7308,D,1
7308,A,2
7308,B,3
7308,C,4
7308,D,5
7308,A,6
7308,B,7
7308,C,8
7308,D,1
7308,A,2
7308,A,6
7309,A,2
7309,B,8
7309,A,6
7309,B,4
7309,A,6
7309,A,2
7310,C,1
7310,A,6
7310,A,2
7310,B,4
7310,A,2
7310,A,6
7310,C,1
7311,A,2
7311,B,4
7311,A,9
7311,B,8
7311,A,10
7311,A,10
7311,A,2
7312,D,5
7312,A,2
7312,B,3
7312,C,8
7312,D,1
7312,A,6
7312,C,4
7312,D,1
7312,A,6
7312,A,2
7314,D,1
7314,A,6
7314,B,7
7314,C,4
7314,D,5
7314,A,2
7314,B,3
7314,C,8
7314,D,1
7314,A,2
7314,A,6
7315,A,6
7315,C,3
7315,D,5
7315,A,2
7315,B,4
7315,A,2
7315,A,6
7315,A,6
7315,A,2
7316,A,2
7316,C,4
7316,A,6
7316,B,3
7316,A,2
7316,A,6
7317,A,6
7317,C,4
7317,A,2
7317,B,3
7317,A,2
7317,A,6
7318,A,6
7318,C,4
7318,A,2
7318,B,3
7318,A,2
7318,A,6
7319,A,6
7319,B,7
7319,C,4
7319,A,2
7319,B,3
7319,C,8
7319,A,2
7319,A,6
7320,A,6
7320,B,4
7320,A,2
7320,B,8
7320,A,2
7320,A,6
7321,A,6
7321,B,4
7321,C,5
7321,A,2
7321,A,2
7321,C,5
7321,A,6
7322,C,4
7322,A,2
7322,D,8
7322,C,11
7322,A,9
7322,C,12
7322,A,10
7322,A,10
7322,A,6
7322,C,2
7323,C,1
7323,A,6
7323,B,8
7323,A,2
7323,B,4
7323,C,9
7323,A,10
7323,A,6
7324,A,6
7324,B,9
7324,B,3
7324,C,8
7324,E,5
7324,A,2
7324,D,7
7324,C,4
7324,A,10
7324,A,6
7325,A,6
7325,B,4
7325,A,2
7325,B,9
7325,C,8
7325,A,2
7325,A,6
7326,A,6
7326,C,4
7326,A,2
7326,B,3
7326,A,2
7326,A,6
7327,A,2
7327,B,4
7327,A,6
7327,A,2
7328,A,2
7328,B,4
7328,A,2
7328,A,6
7328,A,2
7328,A,2
7329,A,6
7329,B,4
7329,A,2
7329,B,8
7329,A,6
7329,A,2
10012,A,2
10012,C,4
10012,A,6
10012,B,3
10012,A,2
10012,A,6
10015,A,2
10015,B,3
10015,C,4
10015,A,6
10017,A,2
10017,B,4
10017,A,6
10017,B,8
10017,A,6
10017,A,2
10017,A,2
10018,A,2
10018,B,4
10018,A,6
10018,B,8
10018,A,6
10019,A,2
10019,B,3
10019,C,4
10019,A,6
10019,A,6
10020,A,6
10020,C,7
10020,C,4
10020,A,2
10020,B,3
10020,A,6
10020,A,2
10021,A,6
10021,B,3
10021,C,8
10021,A,2
10021,B,7
10021,C,4
10021,A,6
10021,A,2
10022,A,2
10022,B,8
10022,A,6
10022,B,4
10022,A,6
10022,A,6
10023,A,6
10023,B,7
10023,B,3
10023,C,8
10023,A,2
10023,C,4
10023,A,6
10023,A,6
10024,A,6
10024,B,3
10024,A,2
10024,C,4
10024,A,2
10024,A,2
10025,A,2
10025,B,3
10025,C,8
10025,A,6
10025,B,7
10025,C,4
10025,A,2
10025,A,2
10026,A,6
10026,B,3
10026,C,8
10026,A,2
10026,B,7
10026,C,4
10026,A,6
10026,A,2
10027,A,6
10027,B,8
10027,A,2
10027,B,4
10027,A,2
10027,A,6
10028,A,6
10028,B,8
10028,A,2
10028,A,2
10028,A,6
10028,B,4
10029,A,6
10029,B,3
10029,C,8
10029,A,2
10029,C,4
10029,A,2
10029,A,6
10030,A,6
10030,B,8
10030,A,2
10030,B,4
10030,A,2
10030,A,6
10031,A,6
10031,B,3
10031,A,2
10031,C,4
10031,A,2
10031,A,6
10032,A,6
10032,B,7
10032,C,4
10032,A,2
10032,B,3
10032,C,8
10032,A,2
10032,A,6
10032,A,6
10032,A,2
10033,A,6
10033,B,7
10033,C,4
10033,A,2
10033,B,3
10033,A,2
10033,A,6
10033,C,8
10034,A,6
10034,B,7
10034,C,4
10034,A,2
10034,B,3
10034,C,8
10034,A,2
10034,A,6
10035,A,6
10035,B,8
10035,A,2
10035,A,2
10035,A,6
10036,A,6
10036,B,3
10036,B,8
10036,A,2
10036,C,4
10036,A,2
10040,A,2
10040,B,3
10040,C,4
10040,A,6
10040,A,2
10040,A,6
10041,A,2
10041,B,4
10041,A,6
10041,B,8
10041,A,6
10041,A,2
10042,A,2
10042,B,3
10042,C,4
10042,A,6
10042,A,6
10042,A,2
10043,A,2
10043,B,4
10043,A,6
10043,C,8
10043,A,6
10043,A,2
10044,A,2
10044,B,4
10044,A,6
10044,A,2
10044,A,6
10045,A,2
10045,B,4
10045,A,6
10045,C,8
10045,A,2
10045,A,6
10046,A,2
10046,A,6
10046,B,8
10046,A,2
10046,A,6
10047,A,2
10047,B,4
10047,A,6
10047,B,8
10047,A,2
10047,A,6
10048,A,2
10048,B,4
10048,A,6
10048,B,8
10048,A,6
10048,A,2
10048,B,4
10049,A,2
10049,B,3
10049,C,4
10049,A,6
10049,C,8
10049,C,8
10050,A,2
10050,B,4
10050,A,6
10050,B,8
10050,A,2
10050,A,6
10051,A,2
10051,B,3
10051,D,4
10051,A,6
10051,B,7
10051,D,8
10051,A,2
10051,A,6
10052,A,2
10052,B,4
10052,A,6
10052,B,8
10052,B,9
10052,B,10
10052,A,2
10052,A,6
13080,C,1
13080,A,2
13080,B,4
13080,A,6
13080,A,9
13081,D,1
13081,A,6
13081,B,3
13081,C,8
13081,D,5
13081,A,2
13081,C,4
13082,D,1
13082,A,6
13082,B,3
13082,C,8
13082,D,5
13082,A,2
13082,B,7
13082,C,4
13083,D,1
13083,A,6
13083,B,3
13083,C,8
13083,D,5
13083,A,2
13083,B,7
13083,C,4
13084,C,5
13084,A,2
13084,B,4
13084,C,1
13084,A,6
13084,B,4
13085,D,1
13085,A,6
13085,C,4
13085,A,2
13085,B,3
13086,C,1
13086,A,6
13086,B,4
13086,C,5
13086,A,2
13086,B,4
13087,A,2
13087,B,4
13087,C,1
13087,A,6
13088,D,1
13088,A,6
13088,C,8
13088,D,5
13088,A,2
13088,A,6
13088,C,4
13088,A,6
13088,B,3
13088,B,7
13088,D,9
13089,A,6
13089,B,7
13089,C,4
13089,A,2
13089,A,9
13089,B,3
13089,C,8
13090,A,10
13090,A,2
13090,B,4
13091,A,6
13091,D,1
13091,A,6
13091,B,3
13091,C,8
13091,D,5
13091,A,2
13091,B,7
13091,A,2
13091,C,4
13092,A,6
13092,B,4
13092,C,5
13092,A,2
13093,A,2
13093,B,4
13093,C,1
13093,A,6
13094,A,1
13094,B,2
13094,C,3
13094,A,9
13094,B,2
13095,D,4
13095,B,5
13095,A,2
13095,C,3
13095,E,1
13095,A,6
13096,C,10
13096,D,4
13096,E,1
13096,A,6
13096,B,3
13096,D,8
13096,E,5
13096,A,2
13097,B,7
13097,C,4
13097,D,1
13097,A,6
13097,B,3
13097,C,8
13097,D,5
13097,A,2
