Site,Subsystem,Route_name
10040,1,NJR001
10041,2,NJR001
10042,3,NJR001
10043,4,NJR001
10044,5,NJR001
10045,6,NJR001
10046,7,NJR001
10047,8,NJR001
10048,9,NJR001
10049,10,NJR001
10050,11,NJR001
10051,12,NJR001
10052,13,NJR001
10015,14,NJR001
10017,15,NJR001
10018,16,NJR001
10019,17,NJR001
10012,18,NJR001
10020,20,NJR001
10021,21,NJR001
10022,22,NJR001
10023,23,NJR001
10024,24,NJR001
10025,25,NJR001
10026,26,NJR001
10027,27,NJR001
10028,28,NJR001
10029,29,NJR001
10030,30,NJR001
10031,31,NJR001
10032,32,NJR001
10033,33,NJR001
10034,34,NJR001
10035,35,NJR001
10036,36,NJR001
13080,1,NJR130
13081,2,NJR130
13082,3,NJR130
13083,4,NJR130
13084,5,NJR130
13085,6,NJR130
13091,12,NJR130
13086,7,NJR130
13087,8,NJR130
13088,9,NJR130
13089,10,NJR130
13090,11,NJR130
13092,13,NJR130
13093,14,NJR130
13094,15,NJR130
13095,16,NJR130
13096,17,NJR130
13097,18,NJR130
7300,1,NJR073
7301,2,NJR073
7302,3,NJR073
7303,4,NJR073
7305,5,NJR073
7306,6,NJR073
7307,7,NJR073
7308,8,NJR073
7309,9,NJR073
7310,10,NJR073
7311,11,NJR073
7312,12,NJR073
7304,13,NJR073
7314,14,NJR073
7315,15,NJR073
7316,16,NJR073
7317,17,NJR073
7318,18,NJR073
7320,20,NJR073
7321,21,NJR073
7322,22,NJR073
7323,23,NJR073
7324,24,NJR073
7325,25,NJR073
7326,26,NJR073
7327,27,NJR073
7328,28,NJR073
7329,29,NJR073
7319,19,NJR073
7307,6,NJR073
7328,27,NJR073
1800,1,NJR018
1801,2,NJR018
1802,3,NJR018
1803,4,NJR018
1804,5,NJR018
1805,6,NJR018
1806,7,NJR018
1807,8,NJR018
1810,11,NJR018
1808,9,NJR018
1812,13,NJR018
1809,10,NJR018
1811,12,NJR018
