Time,Event
2021-06-06T00:00:56-04:00[America/New_York],Cycle generator: Status=restart
2021-06-06T00:02:36-04:00[America/New_York],Cycle generator: Status=restart
2021-06-06T00:02:46-04:00[America/New_York],Cycle length: Nominal=90
2021-06-06T00:02:46-04:00[America/New_York],Cycle length: Active=90
2021-06-06T00:04:07-04:00[America/New_York],Cycle generator: Status=restart
2021-06-06T00:05:37-04:00[America/New_York],Cycle generator: Status=restart
2021-06-06T00:07:07-04:00[America/New_York],Cycle generator: Status=restart
2021-06-06T00:08:37-04:00[America/New_York],Cycle generator: Status=restart
2021-06-06T00:10:07-04:00[America/New_York],Cycle generator: Status=restart
2021-06-06T00:11:37-04:00[America/New_York],Cycle generator: Status=restart
2021-06-06T00:13:07-04:00[America/New_York],Cycle generator: Status=restart
2021-06-06T00:14:37-04:00[America/New_York],Cycle generator: Status=restart
2021-06-06T00:16:07-04:00[America/New_York],Cycle generator: Status=restart
2021-06-06T00:17:37-04:00[America/New_York],Cycle generator: Status=restart
2021-06-06T00:19:07-04:00[America/New_York],Cycle generator: Status=restart
2021-06-06T00:20:37-04:00[America/New_York],Cycle generator: Status=restart
2021-06-06T00:22:07-04:00[America/New_York],Cycle generator: Status=restart
2021-06-06T00:23:37-04:00[America/New_York],Cycle generator: Status=restart
2021-06-06T00:25:07-04:00[America/New_York],Cycle generator: Status=restart
2021-06-06T00:26:37-04:00[America/New_York],Cycle generator: Status=restart
2021-06-06T00:28:07-04:00[America/New_York],Cycle generator: Status=restart
2021-06-06T00:29:37-04:00[America/New_York],Cycle generator: Status=restart
2021-06-06T00:31:07-04:00[America/New_York],Cycle generator: Status=restart
2021-06-06T00:32:37-04:00[America/New_York],Cycle generator: Status=restart
2021-06-06T00:34:07-04:00[America/New_York],Cycle generator: Status=restart
2021-06-06T00:35:37-04:00[America/New_York],Cycle generator: Status=restart
2021-06-06T00:37:07-04:00[America/New_York],Cycle generator: Status=restart
2021-06-06T00:38:37-04:00[America/New_York],Cycle generator: Status=restart
2021-06-06T00:40:07-04:00[America/New_York],Cycle generator: Status=restart
2021-06-06T00:41:37-04:00[America/New_York],Cycle generator: Status=restart
2021-06-06T00:43:07-04:00[America/New_York],Cycle generator: Status=restart
2021-06-06T00:44:37-04:00[America/New_York],Cycle generator: Status=restart
2021-06-06T00:46:07-04:00[America/New_York],Cycle generator: Status=restart
2021-06-06T00:47:37-04:00[America/New_York],Cycle generator: Status=restart
2021-06-06T00:49:07-04:00[America/New_York],Cycle generator: Status=restart
2021-06-06T00:50:37-04:00[America/New_York],Cycle generator: Status=restart
2021-06-06T00:52:07-04:00[America/New_York],Cycle generator: Status=restart
2021-06-06T00:53:37-04:00[America/New_York],Cycle generator: Status=restart
2021-06-06T00:55:07-04:00[America/New_York],Cycle generator: Status=restart
2021-06-06T00:56:37-04:00[America/New_York],Cycle generator: Status=restart
2021-06-06T00:58:07-04:00[America/New_York],Cycle generator: Status=restart
2021-06-06T00:59:37-04:00[America/New_York],Cycle generator: Status=restart
2021-06-06T01:01:07-04:00[America/New_York],Cycle generator: Status=restart
2021-06-06T01:02:37-04:00[America/New_York],Cycle generator: Status=restart
2021-06-06T01:04:07-04:00[America/New_York],Cycle generator: Status=restart
2021-06-06T01:05:37-04:00[America/New_York],Cycle generator: Status=restart
2021-06-06T01:07:07-04:00[America/New_York],Cycle generator: Status=restart
2021-06-06T01:08:37-04:00[America/New_York],Cycle generator: Status=restart
2021-06-06T01:10:07-04:00[America/New_York],Cycle generator: Status=restart
2021-06-06T01:11:37-04:00[America/New_York],Cycle generator: Status=restart
2021-06-06T01:13:07-04:00[America/New_York],Cycle generator: Status=restart
2021-06-06T01:14:37-04:00[America/New_York],Cycle generator: Status=restart
2021-06-06T01:16:07-04:00[America/New_York],Cycle generator: Status=restart
2021-06-06T01:17:37-04:00[America/New_York],Cycle generator: Status=restart
2021-06-06T01:19:07-04:00[America/New_York],Cycle generator: Status=restart
2021-06-06T01:20:37-04:00[America/New_York],Cycle generator: Status=restart
2021-06-06T01:22:07-04:00[America/New_York],Cycle generator: Status=restart
2021-06-06T01:23:37-04:00[America/New_York],Cycle generator: Status=restart
2021-06-06T01:25:07-04:00[America/New_York],Cycle generator: Status=restart
2021-06-06T01:26:37-04:00[America/New_York],Cycle generator: Status=restart
2021-06-06T01:28:07-04:00[America/New_York],Cycle generator: Status=restart
2021-06-06T01:29:37-04:00[America/New_York],Cycle generator: Status=restart
2021-06-06T01:31:07-04:00[America/New_York],Cycle generator: Status=restart
2021-06-06T01:32:37-04:00[America/New_York],Cycle generator: Status=restart
2021-06-06T01:34:07-04:00[America/New_York],Cycle generator: Status=restart
2021-06-06T01:35:37-04:00[America/New_York],Cycle generator: Status=restart
2021-06-06T01:37:07-04:00[America/New_York],Cycle generator: Status=restart
2021-06-06T01:38:37-04:00[America/New_York],Cycle generator: Status=restart
2021-06-06T01:40:07-04:00[America/New_York],Cycle generator: Status=restart
2021-06-06T01:41:37-04:00[America/New_York],Cycle generator: Status=restart
2021-06-06T01:43:07-04:00[America/New_York],Cycle generator: Status=restart
2021-06-06T01:44:37-04:00[America/New_York],Cycle generator: Status=restart
2021-06-06T01:46:07-04:00[America/New_York],Cycle generator: Status=restart
2021-06-06T01:47:37-04:00[America/New_York],Cycle generator: Status=restart
2021-06-06T01:49:07-04:00[America/New_York],Cycle generator: Status=restart
2021-06-06T01:50:37-04:00[America/New_York],Cycle generator: Status=restart
2021-06-06T01:52:07-04:00[America/New_York],Cycle generator: Status=restart
2021-06-06T01:53:37-04:00[America/New_York],Cycle generator: Status=restart
2021-06-06T01:55:07-04:00[America/New_York],Cycle generator: Status=restart
2021-06-06T01:56:37-04:00[America/New_York],Cycle generator: Status=restart
2021-06-06T01:58:07-04:00[America/New_York],Cycle generator: Status=restart
2021-06-06T01:59:37-04:00[America/New_York],Cycle generator: Status=restart
2021-06-06T02:01:07-04:00[America/New_York],Cycle generator: Status=restart
2021-06-06T02:02:37-04:00[America/New_York],Cycle generator: Status=restart
2021-06-06T02:04:07-04:00[America/New_York],Cycle generator: Status=restart
2021-06-06T02:05:37-04:00[America/New_York],Cycle generator: Status=restart
2021-06-06T02:07:07-04:00[America/New_York],Cycle generator: Status=restart
2021-06-06T02:08:37-04:00[America/New_York],Cycle generator: Status=restart
2021-06-06T02:10:07-04:00[America/New_York],Cycle generator: Status=restart
2021-06-06T02:11:37-04:00[America/New_York],Cycle generator: Status=restart
2021-06-06T02:13:07-04:00[America/New_York],Cycle generator: Status=restart
2021-06-06T02:14:37-04:00[America/New_York],Cycle generator: Status=restart
2021-06-06T02:16:07-04:00[America/New_York],Cycle generator: Status=restart
2021-06-06T02:17:37-04:00[America/New_York],Cycle generator: Status=restart
2021-06-06T02:19:07-04:00[America/New_York],Cycle generator: Status=restart
2021-06-06T02:20:37-04:00[America/New_York],Cycle generator: Status=restart
2021-06-06T02:22:07-04:00[America/New_York],Cycle generator: Status=restart
2021-06-06T02:23:37-04:00[America/New_York],Cycle generator: Status=restart
2021-06-06T02:25:07-04:00[America/New_York],Cycle generator: Status=restart
2021-06-06T02:26:37-04:00[America/New_York],Cycle generator: Status=restart
2021-06-06T02:28:07-04:00[America/New_York],Cycle generator: Status=restart
2021-06-06T02:29:37-04:00[America/New_York],Cycle generator: Status=restart
2021-06-06T02:31:07-04:00[America/New_York],Cycle generator: Status=restart
2021-06-06T02:32:37-04:00[America/New_York],Cycle generator: Status=restart
2021-06-06T02:34:07-04:00[America/New_York],Cycle generator: Status=restart
2021-06-06T02:35:37-04:00[America/New_York],Cycle generator: Status=restart
2021-06-06T02:37:07-04:00[America/New_York],Cycle generator: Status=restart
2021-06-06T02:38:37-04:00[America/New_York],Cycle generator: Status=restart
2021-06-06T02:40:07-04:00[America/New_York],Cycle generator: Status=restart
2021-06-06T02:41:37-04:00[America/New_York],Cycle generator: Status=restart
2021-06-06T02:43:07-04:00[America/New_York],Cycle generator: Status=restart
2021-06-06T02:44:37-04:00[America/New_York],Cycle generator: Status=restart
2021-06-06T02:46:07-04:00[America/New_York],Cycle generator: Status=restart
2021-06-06T02:47:37-04:00[America/New_York],Cycle generator: Status=restart
2021-06-06T02:49:07-04:00[America/New_York],Cycle generator: Status=restart
2021-06-06T02:50:37-04:00[America/New_York],Cycle generator: Status=restart
2021-06-06T02:52:07-04:00[America/New_York],Cycle generator: Status=restart
2021-06-06T02:53:37-04:00[America/New_York],Cycle generator: Status=restart
2021-06-06T02:55:07-04:00[America/New_York],Cycle generator: Status=restart
2021-06-06T02:56:37-04:00[America/New_York],Cycle generator: Status=restart
2021-06-06T02:58:07-04:00[America/New_York],Cycle generator: Status=restart
2021-06-06T02:59:37-04:00[America/New_York],Cycle generator: Status=restart
2021-06-06T03:01:07-04:00[America/New_York],Cycle generator: Status=restart
2021-06-06T03:02:37-04:00[America/New_York],Cycle generator: Status=restart
2021-06-06T03:04:07-04:00[America/New_York],Cycle generator: Status=restart
2021-06-06T03:05:37-04:00[America/New_York],Cycle generator: Status=restart
2021-06-06T03:07:07-04:00[America/New_York],Cycle generator: Status=restart
2021-06-06T03:08:37-04:00[America/New_York],Cycle generator: Status=restart
2021-06-06T03:10:07-04:00[America/New_York],Cycle generator: Status=restart
2021-06-06T03:11:37-04:00[America/New_York],Cycle generator: Status=restart
2021-06-06T03:13:07-04:00[America/New_York],Cycle generator: Status=restart
2021-06-06T03:14:37-04:00[America/New_York],Cycle generator: Status=restart
2021-06-06T03:16:07-04:00[America/New_York],Cycle generator: Status=restart
2021-06-06T03:17:37-04:00[America/New_York],Cycle generator: Status=restart
2021-06-06T03:19:07-04:00[America/New_York],Cycle generator: Status=restart
2021-06-06T03:20:37-04:00[America/New_York],Cycle generator: Status=restart
2021-06-06T03:22:07-04:00[America/New_York],Cycle generator: Status=restart
2021-06-06T03:23:37-04:00[America/New_York],Cycle generator: Status=restart
2021-06-06T03:25:07-04:00[America/New_York],Cycle generator: Status=restart
2021-06-06T03:26:37-04:00[America/New_York],Cycle generator: Status=restart
2021-06-06T03:28:07-04:00[America/New_York],Cycle generator: Status=restart
2021-06-06T03:29:37-04:00[America/New_York],Cycle generator: Status=restart
2021-06-06T03:31:07-04:00[America/New_York],Cycle generator: Status=restart
2021-06-06T03:32:37-04:00[America/New_York],Cycle generator: Status=restart
2021-06-06T03:34:07-04:00[America/New_York],Cycle generator: Status=restart
2021-06-06T03:35:37-04:00[America/New_York],Cycle generator: Status=restart
2021-06-06T03:37:07-04:00[America/New_York],Cycle generator: Status=restart
2021-06-06T03:38:37-04:00[America/New_York],Cycle generator: Status=restart
2021-06-06T03:40:07-04:00[America/New_York],Cycle generator: Status=restart
2021-06-06T03:41:37-04:00[America/New_York],Cycle generator: Status=restart
2021-06-06T03:43:07-04:00[America/New_York],Cycle generator: Status=restart
2021-06-06T03:44:37-04:00[America/New_York],Cycle generator: Status=restart
2021-06-06T03:46:07-04:00[America/New_York],Cycle generator: Status=restart
2021-06-06T03:47:37-04:00[America/New_York],Cycle generator: Status=restart
2021-06-06T03:49:07-04:00[America/New_York],Cycle generator: Status=restart
2021-06-06T03:50:37-04:00[America/New_York],Cycle generator: Status=restart
2021-06-06T03:52:07-04:00[America/New_York],Cycle generator: Status=restart
2021-06-06T03:53:37-04:00[America/New_York],Cycle generator: Status=restart
2021-06-06T03:55:07-04:00[America/New_York],Cycle generator: Status=restart
2021-06-06T03:56:37-04:00[America/New_York],Cycle generator: Status=restart
2021-06-06T03:58:07-04:00[America/New_York],Cycle generator: Status=restart
2021-06-06T03:59:37-04:00[America/New_York],Cycle generator: Status=restart
2021-06-06T04:01:07-04:00[America/New_York],Cycle generator: Status=restart
2021-06-06T04:02:37-04:00[America/New_York],Cycle generator: Status=restart
2021-06-06T04:04:07-04:00[America/New_York],Cycle generator: Status=restart
2021-06-06T04:05:37-04:00[America/New_York],Cycle generator: Status=restart
2021-06-06T04:07:07-04:00[America/New_York],Cycle generator: Status=restart
2021-06-06T04:08:37-04:00[America/New_York],Cycle generator: Status=restart
2021-06-06T04:10:07-04:00[America/New_York],Cycle generator: Status=restart
2021-06-06T04:11:37-04:00[America/New_York],Cycle generator: Status=restart
2021-06-06T04:13:07-04:00[America/New_York],Cycle generator: Status=restart
2021-06-06T04:14:37-04:00[America/New_York],Cycle generator: Status=restart
2021-06-06T04:16:07-04:00[America/New_York],Cycle generator: Status=restart
2021-06-06T04:17:37-04:00[America/New_York],Cycle generator: Status=restart
2021-06-06T04:19:07-04:00[America/New_York],Cycle generator: Status=restart
2021-06-06T04:20:37-04:00[America/New_York],Cycle generator: Status=restart
2021-06-06T04:22:07-04:00[America/New_York],Cycle generator: Status=restart
2021-06-06T04:23:37-04:00[America/New_York],Cycle generator: Status=restart
2021-06-06T04:25:07-04:00[America/New_York],Cycle generator: Status=restart
2021-06-06T04:26:37-04:00[America/New_York],Cycle generator: Status=restart
2021-06-06T04:28:07-04:00[America/New_York],Cycle generator: Status=restart
2021-06-06T04:29:37-04:00[America/New_York],Cycle generator: Status=restart
2021-06-06T04:31:07-04:00[America/New_York],Cycle generator: Status=restart
2021-06-06T04:32:37-04:00[America/New_York],Cycle generator: Status=restart
2021-06-06T04:34:07-04:00[America/New_York],Cycle generator: Status=restart
2021-06-06T04:35:37-04:00[America/New_York],Cycle generator: Status=restart
2021-06-06T04:37:07-04:00[America/New_York],Cycle generator: Status=restart
2021-06-06T04:38:37-04:00[America/New_York],Cycle generator: Status=restart
2021-06-06T04:40:07-04:00[America/New_York],Cycle generator: Status=restart
2021-06-06T04:41:37-04:00[America/New_York],Cycle generator: Status=restart
2021-06-06T04:43:07-04:00[America/New_York],Cycle generator: Status=restart
2021-06-06T04:44:37-04:00[America/New_York],Cycle generator: Status=restart
2021-06-06T04:46:07-04:00[America/New_York],Cycle generator: Status=restart
2021-06-06T04:47:37-04:00[America/New_York],Cycle generator: Status=restart
2021-06-06T04:49:07-04:00[America/New_York],Cycle generator: Status=restart
2021-06-06T04:50:37-04:00[America/New_York],Cycle generator: Status=restart
2021-06-06T04:52:07-04:00[America/New_York],Cycle generator: Status=restart
2021-06-06T04:53:37-04:00[America/New_York],Cycle generator: Status=restart
2021-06-06T04:55:07-04:00[America/New_York],Cycle generator: Status=restart
2021-06-06T04:56:37-04:00[America/New_York],Cycle generator: Status=restart
2021-06-06T04:58:07-04:00[America/New_York],Cycle generator: Status=restart
2021-06-06T04:59:37-04:00[America/New_York],Cycle generator: Status=restart
2021-06-06T05:01:07-04:00[America/New_York],Cycle generator: Status=restart
2021-06-06T05:02:37-04:00[America/New_York],Cycle generator: Status=restart
2021-06-06T05:04:07-04:00[America/New_York],Cycle generator: Status=restart
2021-06-06T05:05:37-04:00[America/New_York],Cycle generator: Status=restart
2021-06-06T05:07:07-04:00[America/New_York],Cycle generator: Status=restart
2021-06-06T05:08:37-04:00[America/New_York],Cycle generator: Status=restart
2021-06-06T05:10:07-04:00[America/New_York],Cycle generator: Status=restart
2021-06-06T05:11:37-04:00[America/New_York],Cycle generator: Status=restart
2021-06-06T05:13:07-04:00[America/New_York],Cycle generator: Status=restart
2021-06-06T05:14:37-04:00[America/New_York],Cycle generator: Status=restart
2021-06-06T05:16:07-04:00[America/New_York],Cycle generator: Status=restart
2021-06-06T05:17:37-04:00[America/New_York],Cycle generator: Status=restart
2021-06-06T05:19:07-04:00[America/New_York],Cycle generator: Status=restart
2021-06-06T05:20:37-04:00[America/New_York],Cycle generator: Status=restart
2021-06-06T05:22:07-04:00[America/New_York],Cycle generator: Status=restart
2021-06-06T05:23:37-04:00[America/New_York],Cycle generator: Status=restart
2021-06-06T05:25:07-04:00[America/New_York],Cycle generator: Status=restart
2021-06-06T05:26:37-04:00[America/New_York],Cycle generator: Status=restart
2021-06-06T05:28:07-04:00[America/New_York],Cycle generator: Status=restart
2021-06-06T05:29:37-04:00[America/New_York],Cycle generator: Status=restart
2021-06-06T05:31:07-04:00[America/New_York],Cycle generator: Status=restart
2021-06-06T05:32:37-04:00[America/New_York],Cycle generator: Status=restart
2021-06-06T05:34:07-04:00[America/New_York],Cycle generator: Status=restart
2021-06-06T05:35:37-04:00[America/New_York],Cycle generator: Status=restart
2021-06-06T05:37:07-04:00[America/New_York],Cycle generator: Status=restart
2021-06-06T05:38:37-04:00[America/New_York],Cycle generator: Status=restart
2021-06-06T05:40:07-04:00[America/New_York],Cycle generator: Status=restart
2021-06-06T05:41:37-04:00[America/New_York],Cycle generator: Status=restart
2021-06-06T05:43:07-04:00[America/New_York],Cycle generator: Status=restart
2021-06-06T05:44:37-04:00[America/New_York],Cycle generator: Status=restart
2021-06-06T05:46:07-04:00[America/New_York],Cycle generator: Status=restart
2021-06-06T05:47:37-04:00[America/New_York],Cycle generator: Status=restart
2021-06-06T05:49:07-04:00[America/New_York],Cycle generator: Status=restart
2021-06-06T05:50:37-04:00[America/New_York],Cycle generator: Status=restart
2021-06-06T05:52:07-04:00[America/New_York],Cycle generator: Status=restart
2021-06-06T05:53:37-04:00[America/New_York],Cycle generator: Status=restart
2021-06-06T05:55:07-04:00[America/New_York],Cycle generator: Status=restart
2021-06-06T05:56:37-04:00[America/New_York],Cycle generator: Status=restart
2021-06-06T05:58:07-04:00[America/New_York],Cycle generator: Status=restart
2021-06-06T05:59:37-04:00[America/New_York],Cycle generator: Status=restart
2021-06-06T06:01:07-04:00[America/New_York],Cycle generator: Status=restart
2021-06-06T06:02:37-04:00[America/New_York],Cycle generator: Status=restart
2021-06-06T06:04:07-04:00[America/New_York],Cycle generator: Status=restart
2021-06-06T06:05:37-04:00[America/New_York],Cycle generator: Status=restart
2021-06-06T06:07:07-04:00[America/New_York],Cycle generator: Status=restart
2021-06-06T06:08:37-04:00[America/New_York],Cycle generator: Status=restart
2021-06-06T06:10:07-04:00[America/New_York],Cycle generator: Status=restart
2021-06-06T06:11:37-04:00[America/New_York],Cycle generator: Status=restart
2021-06-06T06:13:07-04:00[America/New_York],Cycle generator: Status=restart
2021-06-06T06:14:37-04:00[America/New_York],Cycle generator: Status=restart
2021-06-06T06:16:07-04:00[America/New_York],Cycle generator: Status=restart
2021-06-06T06:17:37-04:00[America/New_York],Cycle generator: Status=restart
2021-06-06T06:19:07-04:00[America/New_York],Cycle generator: Status=restart
2021-06-06T06:20:37-04:00[America/New_York],Cycle generator: Status=restart
2021-06-06T06:22:07-04:00[America/New_York],Cycle generator: Status=restart
2021-06-06T06:23:37-04:00[America/New_York],Cycle generator: Status=restart
2021-06-06T06:25:07-04:00[America/New_York],Cycle generator: Status=restart
2021-06-06T06:26:37-04:00[America/New_York],Cycle generator: Status=restart
2021-06-06T06:28:07-04:00[America/New_York],Cycle generator: Status=restart
2021-06-06T06:29:37-04:00[America/New_York],Cycle generator: Status=restart
2021-06-06T06:31:07-04:00[America/New_York],Cycle generator: Status=restart
2021-06-06T06:32:37-04:00[America/New_York],Cycle generator: Status=restart
2021-06-06T06:34:07-04:00[America/New_York],Cycle generator: Status=restart
2021-06-06T06:35:37-04:00[America/New_York],Cycle generator: Status=restart
2021-06-06T06:37:07-04:00[America/New_York],Cycle generator: Status=restart
2021-06-06T06:38:37-04:00[America/New_York],Cycle generator: Status=restart
2021-06-06T06:40:07-04:00[America/New_York],Cycle generator: Status=restart
2021-06-06T06:40:16-04:00[America/New_York],Cycle length: Nominal=100
2021-06-06T06:40:16-04:00[America/New_York],Cycle length: Active=100
2021-06-06T06:41:46-04:00[America/New_York],Cycle generator: Status=restart
2021-06-06T06:43:26-04:00[America/New_York],Cycle generator: Status=restart
2021-06-06T06:45:06-04:00[America/New_York],Cycle generator: Status=restart
2021-06-06T06:46:46-04:00[America/New_York],Cycle generator: Status=restart
2021-06-06T06:48:26-04:00[America/New_York],Cycle generator: Status=restart
2021-06-06T06:50:06-04:00[America/New_York],Cycle generator: Status=restart
2021-06-06T06:51:46-04:00[America/New_York],Cycle generator: Status=restart
2021-06-06T06:53:26-04:00[America/New_York],Cycle generator: Status=restart
2021-06-06T06:55:06-04:00[America/New_York],Cycle generator: Status=restart
2021-06-06T06:56:46-04:00[America/New_York],Cycle generator: Status=restart
2021-06-06T06:58:26-04:00[America/New_York],Cycle generator: Status=restart
2021-06-06T07:00:06-04:00[America/New_York],Cycle generator: Status=restart
2021-06-06T07:01:46-04:00[America/New_York],Cycle generator: Status=restart
2021-06-06T07:03:26-04:00[America/New_York],Cycle generator: Status=restart
2021-06-06T07:05:06-04:00[America/New_York],Cycle generator: Status=restart
2021-06-06T07:06:46-04:00[America/New_York],Cycle generator: Status=restart
2021-06-06T07:08:26-04:00[America/New_York],Cycle generator: Status=restart
2021-06-06T07:10:06-04:00[America/New_York],Cycle generator: Status=restart
2021-06-06T07:11:46-04:00[America/New_York],Cycle generator: Status=restart
2021-06-06T07:13:26-04:00[America/New_York],Cycle generator: Status=restart
2021-06-06T07:15:06-04:00[America/New_York],Cycle generator: Status=restart
2021-06-06T07:16:46-04:00[America/New_York],Cycle generator: Status=restart
2021-06-06T07:18:26-04:00[America/New_York],Cycle generator: Status=restart
2021-06-06T07:20:06-04:00[America/New_York],Cycle generator: Status=restart
2021-06-06T07:21:46-04:00[America/New_York],Cycle generator: Status=restart
2021-06-06T07:23:26-04:00[America/New_York],Cycle generator: Status=restart
2021-06-06T07:25:06-04:00[America/New_York],Cycle generator: Status=restart
2021-06-06T07:26:46-04:00[America/New_York],Cycle generator: Status=restart
2021-06-06T07:28:26-04:00[America/New_York],Cycle generator: Status=restart
2021-06-06T07:30:06-04:00[America/New_York],Cycle generator: Status=restart
2021-06-06T07:31:46-04:00[America/New_York],Cycle generator: Status=restart
2021-06-06T07:33:26-04:00[America/New_York],Cycle generator: Status=restart
2021-06-06T07:35:06-04:00[America/New_York],Cycle generator: Status=restart
2021-06-06T07:36:46-04:00[America/New_York],Cycle generator: Status=restart
2021-06-06T07:38:26-04:00[America/New_York],Cycle generator: Status=restart
2021-06-06T07:40:06-04:00[America/New_York],Cycle generator: Status=restart
2021-06-06T07:41:46-04:00[America/New_York],Cycle generator: Status=restart
2021-06-06T07:43:26-04:00[America/New_York],Cycle generator: Status=restart
2021-06-06T07:45:06-04:00[America/New_York],Cycle generator: Status=restart
2021-06-06T07:46:46-04:00[America/New_York],Cycle generator: Status=restart
2021-06-06T07:48:26-04:00[America/New_York],Cycle generator: Status=restart
2021-06-06T07:50:06-04:00[America/New_York],Cycle generator: Status=restart
2021-06-06T07:51:46-04:00[America/New_York],Cycle generator: Status=restart
2021-06-06T07:53:26-04:00[America/New_York],Cycle generator: Status=restart
2021-06-06T07:55:06-04:00[America/New_York],Cycle generator: Status=restart
2021-06-06T07:56:46-04:00[America/New_York],Cycle generator: Status=restart
2021-06-06T07:58:26-04:00[America/New_York],Cycle generator: Status=restart
2021-06-06T08:00:06-04:00[America/New_York],Cycle generator: Status=restart
2021-06-06T08:01:46-04:00[America/New_York],Cycle generator: Status=restart
2021-06-06T08:03:26-04:00[America/New_York],Cycle generator: Status=restart
2021-06-06T08:05:06-04:00[America/New_York],Cycle generator: Status=restart
2021-06-06T08:06:46-04:00[America/New_York],Cycle generator: Status=restart
2021-06-06T08:08:26-04:00[America/New_York],Cycle generator: Status=restart
2021-06-06T08:10:06-04:00[America/New_York],Cycle generator: Status=restart
2021-06-06T08:11:46-04:00[America/New_York],Cycle generator: Status=restart
2021-06-06T08:13:26-04:00[America/New_York],Cycle generator: Status=restart
2021-06-06T08:15:06-04:00[America/New_York],Cycle generator: Status=restart
2021-06-06T08:16:46-04:00[America/New_York],Cycle generator: Status=restart
2021-06-06T08:18:26-04:00[America/New_York],Cycle generator: Status=restart
2021-06-06T08:20:06-04:00[America/New_York],Cycle generator: Status=restart
2021-06-06T08:21:46-04:00[America/New_York],Cycle generator: Status=restart
2021-06-06T08:23:26-04:00[America/New_York],Cycle generator: Status=restart
2021-06-06T08:25:06-04:00[America/New_York],Cycle generator: Status=restart
2021-06-06T08:26:46-04:00[America/New_York],Cycle generator: Status=restart
2021-06-06T08:28:26-04:00[America/New_York],Cycle generator: Status=restart
2021-06-06T08:30:06-04:00[America/New_York],Cycle generator: Status=restart
2021-06-06T08:31:46-04:00[America/New_York],Cycle generator: Status=restart
2021-06-06T08:33:26-04:00[America/New_York],Cycle generator: Status=restart
2021-06-06T08:35:06-04:00[America/New_York],Cycle generator: Status=restart
2021-06-06T08:36:46-04:00[America/New_York],Cycle generator: Status=restart
2021-06-06T08:38:26-04:00[America/New_York],Cycle generator: Status=restart
2021-06-06T08:40:06-04:00[America/New_York],Cycle generator: Status=restart
2021-06-06T08:41:46-04:00[America/New_York],Cycle generator: Status=restart
2021-06-06T08:43:26-04:00[America/New_York],Cycle generator: Status=restart
2021-06-06T08:45:06-04:00[America/New_York],Cycle generator: Status=restart
2021-06-06T08:46:46-04:00[America/New_York],Cycle generator: Status=restart
2021-06-06T08:48:26-04:00[America/New_York],Cycle generator: Status=restart
2021-06-06T08:50:06-04:00[America/New_York],Cycle generator: Status=restart
2021-06-06T08:51:46-04:00[America/New_York],Cycle generator: Status=restart
2021-06-06T08:53:26-04:00[America/New_York],Cycle generator: Status=restart
2021-06-06T08:55:06-04:00[America/New_York],Cycle generator: Status=restart
2021-06-06T08:56:46-04:00[America/New_York],Cycle generator: Status=restart
2021-06-06T08:58:26-04:00[America/New_York],Cycle generator: Status=restart
2021-06-06T09:00:06-04:00[America/New_York],Cycle generator: Status=restart
2021-06-06T09:01:46-04:00[America/New_York],Cycle generator: Status=restart
2021-06-06T09:03:26-04:00[America/New_York],Cycle generator: Status=restart
2021-06-06T09:05:06-04:00[America/New_York],Cycle generator: Status=restart
2021-06-06T09:06:46-04:00[America/New_York],Cycle generator: Status=restart
2021-06-06T09:08:26-04:00[America/New_York],Cycle generator: Status=restart
2021-06-06T09:10:06-04:00[America/New_York],Cycle generator: Status=restart
2021-06-06T09:11:46-04:00[America/New_York],Cycle generator: Status=restart
2021-06-06T09:13:26-04:00[America/New_York],Cycle generator: Status=restart
2021-06-06T09:15:06-04:00[America/New_York],Cycle generator: Status=restart
2021-06-06T09:16:46-04:00[America/New_York],Cycle generator: Status=restart
2021-06-06T09:18:26-04:00[America/New_York],Cycle generator: Status=restart
2021-06-06T09:20:06-04:00[America/New_York],Cycle generator: Status=restart
2021-06-06T09:21:46-04:00[America/New_York],Cycle generator: Status=restart
2021-06-06T09:23:26-04:00[America/New_York],Cycle generator: Status=restart
2021-06-06T09:25:06-04:00[America/New_York],Cycle generator: Status=restart
2021-06-06T09:26:46-04:00[America/New_York],Cycle generator: Status=restart
2021-06-06T09:28:26-04:00[America/New_York],Cycle generator: Status=restart
2021-06-06T09:30:06-04:00[America/New_York],Cycle generator: Status=restart
2021-06-06T09:31:46-04:00[America/New_York],Cycle generator: Status=restart
2021-06-06T09:33:26-04:00[America/New_York],Cycle generator: Status=restart
2021-06-06T09:35:06-04:00[America/New_York],Cycle generator: Status=restart
2021-06-06T09:36:46-04:00[America/New_York],Cycle generator: Status=restart
2021-06-06T09:38:26-04:00[America/New_York],Cycle generator: Status=restart
2021-06-06T09:40:06-04:00[America/New_York],Cycle generator: Status=restart
2021-06-06T09:41:46-04:00[America/New_York],Cycle generator: Status=restart
2021-06-06T09:43:26-04:00[America/New_York],Cycle generator: Status=restart
2021-06-06T09:45:06-04:00[America/New_York],Cycle generator: Status=restart
2021-06-06T09:46:46-04:00[America/New_York],Cycle generator: Status=restart
2021-06-06T09:48:26-04:00[America/New_York],Cycle generator: Status=restart
2021-06-06T09:48:36-04:00[America/New_York],Cycle length: Nominal=111
2021-06-06T09:48:36-04:00[America/New_York],Cycle length: Active=111
2021-06-06T09:50:16-04:00[America/New_York],Cycle generator: Status=restart
2021-06-06T09:50:27-04:00[America/New_York],Cycle length: Nominal=109
2021-06-06T09:50:27-04:00[America/New_York],Cycle length: Active=109
2021-06-06T09:52:06-04:00[America/New_York],Cycle generator: Status=restart
2021-06-06T09:52:16-04:00[America/New_York],Cycle length: Nominal=107
2021-06-06T09:52:16-04:00[America/New_York],Cycle length: Active=107
2021-06-06T09:53:53-04:00[America/New_York],Cycle generator: Status=restart
2021-06-06T09:54:03-04:00[America/New_York],Cycle length: Nominal=102
2021-06-06T09:54:03-04:00[America/New_York],Cycle length: Active=102
2021-06-06T09:55:35-04:00[America/New_York],Cycle generator: Status=restart
2021-06-06T09:55:45-04:00[America/New_York],Cycle length: Nominal=100
2021-06-06T09:55:45-04:00[America/New_York],Cycle length: Active=100
2021-06-06T09:57:15-04:00[America/New_York],Cycle generator: Status=restart
2021-06-06T09:58:55-04:00[America/New_York],Cycle generator: Status=restart
2021-06-06T10:00:35-04:00[America/New_York],Cycle generator: Status=restart
2021-06-06T10:02:15-04:00[America/New_York],Cycle generator: Status=restart
2021-06-06T10:03:55-04:00[America/New_York],Cycle generator: Status=restart
2021-06-06T10:05:35-04:00[America/New_York],Cycle generator: Status=restart
2021-06-06T10:05:45-04:00[America/New_York],Cycle length: Nominal=109
2021-06-06T10:05:45-04:00[America/New_York],Cycle length: Active=109
2021-06-06T10:07:24-04:00[America/New_York],Cycle generator: Status=restart
2021-06-06T10:07:34-04:00[America/New_York],Cycle length: Nominal=107
2021-06-06T10:07:34-04:00[America/New_York],Cycle length: Active=107
2021-06-06T10:09:11-04:00[America/New_York],Cycle generator: Status=restart
2021-06-06T10:09:21-04:00[America/New_York],Cycle length: Nominal=100
2021-06-06T10:09:21-04:00[America/New_York],Cycle length: Active=100
2021-06-06T10:10:51-04:00[America/New_York],Cycle generator: Status=restart
2021-06-06T10:12:31-04:00[America/New_York],Cycle generator: Status=restart
2021-06-06T10:14:11-04:00[America/New_York],Cycle generator: Status=restart
2021-06-06T10:15:51-04:00[America/New_York],Cycle generator: Status=restart
2021-06-06T10:17:31-04:00[America/New_York],Cycle generator: Status=restart
2021-06-06T10:19:11-04:00[America/New_York],Cycle generator: Status=restart
2021-06-06T10:20:51-04:00[America/New_York],Cycle generator: Status=restart
2021-06-06T10:22:31-04:00[America/New_York],Cycle generator: Status=restart
2021-06-06T10:24:11-04:00[America/New_York],Cycle generator: Status=restart
2021-06-06T10:24:21-04:00[America/New_York],Cycle length: Nominal=107
2021-06-06T10:24:21-04:00[America/New_York],Cycle length: Active=107
2021-06-06T10:25:58-04:00[America/New_York],Cycle generator: Status=restart
2021-06-06T10:26:08-04:00[America/New_York],Cycle length: Nominal=106
2021-06-06T10:26:08-04:00[America/New_York],Cycle length: Active=106
2021-06-06T10:27:44-04:00[America/New_York],Cycle generator: Status=restart
2021-06-06T10:27:54-04:00[America/New_York],Cycle length: Nominal=110
2021-06-06T10:27:54-04:00[America/New_York],Cycle length: Active=110
2021-06-06T10:29:33-04:00[America/New_York],Cycle generator: Status=restart
2021-06-06T10:29:44-04:00[America/New_York],Cycle length: Nominal=114
2021-06-06T10:29:44-04:00[America/New_York],Cycle length: Active=114
2021-06-06T10:31:27-04:00[America/New_York],Cycle generator: Status=restart
2021-06-06T10:31:38-04:00[America/New_York],Cycle length: Nominal=113
2021-06-06T10:31:38-04:00[America/New_York],Cycle length: Active=113
2021-06-06T10:33:20-04:00[America/New_York],Cycle generator: Status=restart
2021-06-06T10:33:31-04:00[America/New_York],Cycle length: Nominal=114
2021-06-06T10:33:31-04:00[America/New_York],Cycle length: Active=114
2021-06-06T10:35:14-04:00[America/New_York],Cycle generator: Status=restart
2021-06-06T10:35:25-04:00[America/New_York],Cycle length: Nominal=115
2021-06-06T10:35:25-04:00[America/New_York],Cycle length: Active=115
2021-06-06T10:37:09-04:00[America/New_York],Cycle generator: Status=restart
2021-06-06T10:37:20-04:00[America/New_York],Cycle length: Nominal=113
2021-06-06T10:37:20-04:00[America/New_York],Cycle length: Active=113
2021-06-06T10:39:02-04:00[America/New_York],Cycle generator: Status=restart
2021-06-06T10:40:55-04:00[America/New_York],Cycle generator: Status=restart
2021-06-06T10:42:48-04:00[America/New_York],Cycle generator: Status=restart
2021-06-06T10:42:59-04:00[America/New_York],Cycle length: Nominal=115
2021-06-06T10:42:59-04:00[America/New_York],Cycle length: Active=115
2021-06-06T10:44:43-04:00[America/New_York],Cycle generator: Status=restart
2021-06-06T10:44:54-04:00[America/New_York],Cycle length: Nominal=113
2021-06-06T10:44:54-04:00[America/New_York],Cycle length: Active=113
2021-06-06T10:46:36-04:00[America/New_York],Cycle generator: Status=restart
2021-06-06T10:46:47-04:00[America/New_York],Cycle length: Nominal=114
2021-06-06T10:46:47-04:00[America/New_York],Cycle length: Active=114
2021-06-06T10:48:30-04:00[America/New_York],Cycle generator: Status=restart
2021-06-06T10:48:41-04:00[America/New_York],Cycle length: Nominal=116
2021-06-06T10:48:41-04:00[America/New_York],Cycle length: Active=116
2021-06-06T10:50:26-04:00[America/New_York],Cycle generator: Status=restart
2021-06-06T10:50:37-04:00[America/New_York],Cycle length: Nominal=114
2021-06-06T10:50:37-04:00[America/New_York],Cycle length: Active=114
2021-06-06T10:52:20-04:00[America/New_York],Cycle generator: Status=restart
2021-06-06T10:52:31-04:00[America/New_York],Cycle length: Nominal=115
2021-06-06T10:52:31-04:00[America/New_York],Cycle length: Active=115
2021-06-06T10:54:15-04:00[America/New_York],Cycle generator: Status=restart
2021-06-06T10:54:26-04:00[America/New_York],Cycle length: Nominal=119
2021-06-06T10:54:26-04:00[America/New_York],Cycle length: Active=119
2021-06-06T10:56:14-04:00[America/New_York],Cycle generator: Status=restart
2021-06-06T10:56:25-04:00[America/New_York],Cycle length: Nominal=130
2021-06-06T10:56:25-04:00[America/New_York],Cycle length: Active=130
2021-06-06T10:58:22-04:00[America/New_York],Cycle generator: Status=restart
2021-06-06T10:58:35-04:00[America/New_York],Cycle length: Nominal=138
2021-06-06T10:58:35-04:00[America/New_York],Cycle length: Active=138
2021-06-06T11:00:40-04:00[America/New_York],Cycle generator: Status=restart
2021-06-06T11:00:53-04:00[America/New_York],Cycle length: Nominal=136
2021-06-06T11:00:53-04:00[America/New_York],Cycle length: Active=136
2021-06-06T11:02:56-04:00[America/New_York],Cycle generator: Status=restart
2021-06-06T11:03:09-04:00[America/New_York],Cycle length: Nominal=137
2021-06-06T11:03:09-04:00[America/New_York],Cycle length: Active=137
2021-06-06T11:05:13-04:00[America/New_York],Cycle generator: Status=restart
2021-06-06T11:05:26-04:00[America/New_York],Cycle length: Nominal=135
2021-06-06T11:05:26-04:00[America/New_York],Cycle length: Active=135
2021-06-06T11:07:28-04:00[America/New_York],Cycle generator: Status=restart
2021-06-06T11:07:41-04:00[America/New_York],Cycle length: Nominal=130
2021-06-06T11:07:41-04:00[America/New_York],Cycle length: Active=130
2021-06-06T11:09:38-04:00[America/New_York],Cycle generator: Status=restart
2021-06-06T11:09:51-04:00[America/New_York],Cycle length: Nominal=118
2021-06-06T11:09:51-04:00[America/New_York],Cycle length: Active=118
2021-06-06T11:11:38-04:00[America/New_York],Cycle generator: Status=restart
2021-06-06T11:11:49-04:00[America/New_York],Cycle length: Nominal=120
2021-06-06T11:11:49-04:00[America/New_York],Cycle length: Active=120
2021-06-06T11:13:37-04:00[America/New_York],Cycle generator: Status=restart
2021-06-06T11:13:49-04:00[America/New_York],Cycle length: Nominal=119
2021-06-06T11:13:49-04:00[America/New_York],Cycle length: Active=119
2021-06-06T11:15:37-04:00[America/New_York],Cycle generator: Status=restart
2021-06-06T11:15:48-04:00[America/New_York],Cycle length: Nominal=118
2021-06-06T11:15:48-04:00[America/New_York],Cycle length: Active=118
2021-06-06T11:17:35-04:00[America/New_York],Cycle generator: Status=restart
2021-06-06T11:17:46-04:00[America/New_York],Cycle length: Nominal=120
2021-06-06T11:17:46-04:00[America/New_York],Cycle length: Active=120
2021-06-06T11:19:34-04:00[America/New_York],Cycle generator: Status=restart
2021-06-06T11:19:46-04:00[America/New_York],Cycle length: Nominal=124
2021-06-06T11:19:46-04:00[America/New_York],Cycle length: Active=124
2021-06-06T11:21:38-04:00[America/New_York],Cycle generator: Status=restart
2021-06-06T11:21:50-04:00[America/New_York],Cycle length: Nominal=134
2021-06-06T11:21:50-04:00[America/New_York],Cycle length: Active=134
2021-06-06T11:23:51-04:00[America/New_York],Cycle generator: Status=restart
2021-06-06T11:24:04-04:00[America/New_York],Cycle length: Nominal=137
2021-06-06T11:24:04-04:00[America/New_York],Cycle length: Active=137
2021-06-06T11:26:08-04:00[America/New_York],Cycle generator: Status=restart
2021-06-06T11:26:21-04:00[America/New_York],Cycle length: Nominal=141
2021-06-06T11:26:21-04:00[America/New_York],Cycle length: Active=141
2021-06-06T11:28:28-04:00[America/New_York],Cycle generator: Status=restart
2021-06-06T11:28:42-04:00[America/New_York],Cycle length: Nominal=145
2021-06-06T11:28:42-04:00[America/New_York],Cycle length: Active=145
2021-06-06T11:30:53-04:00[America/New_York],Cycle generator: Status=restart
2021-06-06T11:31:07-04:00[America/New_York],Cycle length: Nominal=149
2021-06-06T11:31:07-04:00[America/New_York],Cycle length: Active=149
2021-06-06T11:33:22-04:00[America/New_York],Cycle generator: Status=restart
2021-06-06T11:33:36-04:00[America/New_York],Cycle length: Nominal=147
2021-06-06T11:33:36-04:00[America/New_York],Cycle length: Active=147
2021-06-06T11:35:49-04:00[America/New_York],Cycle generator: Status=restart
2021-06-06T11:36:03-04:00[America/New_York],Cycle length: Nominal=148
2021-06-06T11:36:03-04:00[America/New_York],Cycle length: Active=148
2021-06-06T11:38:17-04:00[America/New_York],Cycle generator: Status=restart
2021-06-06T11:38:31-04:00[America/New_York],Cycle length: Nominal=145
2021-06-06T11:38:31-04:00[America/New_York],Cycle length: Active=145
2021-06-06T11:40:42-04:00[America/New_York],Cycle generator: Status=restart
2021-06-06T11:40:56-04:00[America/New_York],Cycle length: Nominal=147
2021-06-06T11:40:56-04:00[America/New_York],Cycle length: Active=147
2021-06-06T11:43:09-04:00[America/New_York],Cycle generator: Status=restart
2021-06-06T11:43:23-04:00[America/New_York],Cycle length: Nominal=145
2021-06-06T11:43:23-04:00[America/New_York],Cycle length: Active=145
2021-06-06T11:45:34-04:00[America/New_York],Cycle generator: Status=restart
2021-06-06T11:45:48-04:00[America/New_York],Cycle length: Nominal=147
2021-06-06T11:45:48-04:00[America/New_York],Cycle length: Active=147
2021-06-06T11:48:01-04:00[America/New_York],Cycle generator: Status=restart
2021-06-06T11:48:15-04:00[America/New_York],Cycle length: Nominal=149
2021-06-06T11:48:15-04:00[America/New_York],Cycle length: Active=149
2021-06-06T11:50:30-04:00[America/New_York],Cycle generator: Status=restart
2021-06-06T11:50:44-04:00[America/New_York],Cycle length: Nominal=155
2021-06-06T11:50:44-04:00[America/New_York],Cycle length: Active=155
2021-06-06T11:53:04-04:00[America/New_York],Cycle generator: Status=restart
2021-06-06T11:53:19-04:00[America/New_York],Cycle length: Nominal=161
2021-06-06T11:53:19-04:00[America/New_York],Cycle length: Active=161
2021-06-06T11:55:44-04:00[America/New_York],Cycle generator: Status=restart
2021-06-06T11:56:00-04:00[America/New_York],Cycle length: Nominal=160
2021-06-06T11:56:00-04:00[America/New_York],Cycle length: Active=160
2021-06-06T11:58:24-04:00[America/New_York],Cycle generator: Status=restart
2021-06-06T11:58:40-04:00[America/New_York],Cycle length: Nominal=159
2021-06-06T11:58:40-04:00[America/New_York],Cycle length: Active=159
2021-06-06T12:01:04-04:00[America/New_York],Cycle generator: Status=restart
2021-06-06T12:01:19-04:00[America/New_York],Cycle length: Nominal=161
2021-06-06T12:01:19-04:00[America/New_York],Cycle length: Active=161
2021-06-06T12:03:44-04:00[America/New_York],Cycle generator: Status=restart
2021-06-06T12:04:00-04:00[America/New_York],Cycle length: Nominal=168
2021-06-06T12:04:00-04:00[America/New_York],Cycle length: Active=168
2021-06-06T12:06:32-04:00[America/New_York],Cycle generator: Status=restart
2021-06-06T12:06:48-04:00[America/New_York],Cycle length: Nominal=169
2021-06-06T12:06:48-04:00[America/New_York],Cycle length: Active=169
2021-06-06T12:09:21-04:00[America/New_York],Cycle generator: Status=restart
2021-06-06T12:09:37-04:00[America/New_York],Cycle length: Nominal=167
2021-06-06T12:09:37-04:00[America/New_York],Cycle length: Active=167
2021-06-06T12:12:08-04:00[America/New_York],Cycle generator: Status=restart
2021-06-06T12:12:24-04:00[America/New_York],Cycle length: Nominal=169
2021-06-06T12:12:24-04:00[America/New_York],Cycle length: Active=169
2021-06-06T12:14:57-04:00[America/New_York],Cycle generator: Status=restart
2021-06-06T12:17:46-04:00[America/New_York],Cycle generator: Status=restart
2021-06-06T12:18:02-04:00[America/New_York],Cycle length: Nominal=167
2021-06-06T12:18:02-04:00[America/New_York],Cycle length: Active=167
2021-06-06T12:20:33-04:00[America/New_York],Cycle generator: Status=restart
2021-06-06T12:20:49-04:00[America/New_York],Cycle length: Nominal=158
2021-06-06T12:20:49-04:00[America/New_York],Cycle length: Active=158
2021-06-06T12:23:12-04:00[America/New_York],Cycle generator: Status=restart
2021-06-06T12:23:27-04:00[America/New_York],Cycle length: Nominal=157
2021-06-06T12:23:27-04:00[America/New_York],Cycle length: Active=157
2021-06-06T12:25:49-04:00[America/New_York],Cycle generator: Status=restart
2021-06-06T12:26:04-04:00[America/New_York],Cycle length: Nominal=153
2021-06-06T12:26:04-04:00[America/New_York],Cycle length: Active=153
2021-06-06T12:28:22-04:00[America/New_York],Cycle generator: Status=restart
2021-06-06T12:28:37-04:00[America/New_York],Cycle length: Nominal=155
2021-06-06T12:28:37-04:00[America/New_York],Cycle length: Active=155
2021-06-06T12:30:57-04:00[America/New_York],Cycle generator: Status=restart
2021-06-06T12:31:12-04:00[America/New_York],Cycle length: Nominal=154
2021-06-06T12:31:12-04:00[America/New_York],Cycle length: Active=154
2021-06-06T12:33:31-04:00[America/New_York],Cycle generator: Status=restart
2021-06-06T12:33:46-04:00[America/New_York],Cycle length: Nominal=156
2021-06-06T12:33:46-04:00[America/New_York],Cycle length: Active=156
2021-06-06T12:36:07-04:00[America/New_York],Cycle generator: Status=restart
2021-06-06T12:36:22-04:00[America/New_York],Cycle length: Nominal=158
2021-06-06T12:36:22-04:00[America/New_York],Cycle length: Active=158
2021-06-06T12:38:45-04:00[America/New_York],Cycle generator: Status=restart
2021-06-06T12:39:00-04:00[America/New_York],Cycle length: Nominal=164
2021-06-06T12:39:00-04:00[America/New_York],Cycle length: Active=164
2021-06-06T12:41:28-04:00[America/New_York],Cycle generator: Status=restart
2021-06-06T12:41:44-04:00[America/New_York],Cycle length: Nominal=169
2021-06-06T12:41:44-04:00[America/New_York],Cycle length: Active=169
2021-06-06T12:44:17-04:00[America/New_York],Cycle generator: Status=restart
2021-06-06T12:44:33-04:00[America/New_York],Cycle length: Nominal=172
2021-06-06T12:44:33-04:00[America/New_York],Cycle length: Active=172
2021-06-06T12:47:08-04:00[America/New_York],Cycle generator: Status=restart
2021-06-06T12:47:25-04:00[America/New_York],Cycle length: Nominal=173
2021-06-06T12:47:25-04:00[America/New_York],Cycle length: Active=173
2021-06-06T12:50:14-04:00[America/New_York],Cycle generator: Status=restart
2021-06-06T12:50:32-04:00[America/New_York],Cycle length: Nominal=171
2021-06-06T12:50:32-04:00[America/New_York],Cycle length: Active=171
2021-06-06T12:53:06-04:00[America/New_York],Cycle generator: Status=restart
2021-06-06T12:53:23-04:00[America/New_York],Cycle length: Nominal=173
2021-06-06T12:53:23-04:00[America/New_York],Cycle length: Active=173
2021-06-06T12:55:59-04:00[America/New_York],Cycle generator: Status=restart
2021-06-06T12:56:16-04:00[America/New_York],Cycle length: Nominal=178
2021-06-06T12:56:16-04:00[America/New_York],Cycle length: Active=178
2021-06-06T12:58:57-04:00[America/New_York],Cycle generator: Status=restart
2021-06-06T12:59:14-04:00[America/New_York],Cycle length: Nominal=187
2021-06-06T12:59:14-04:00[America/New_York],Cycle length: Active=187
2021-06-06T13:02:03-04:00[America/New_York],Cycle generator: Status=restart
2021-06-06T13:02:21-04:00[America/New_York],Cycle length: Nominal=185
2021-06-06T13:02:21-04:00[America/New_York],Cycle length: Active=185
2021-06-06T13:05:08-04:00[America/New_York],Cycle generator: Status=restart
2021-06-06T13:05:26-04:00[America/New_York],Cycle length: Nominal=181
2021-06-06T13:05:26-04:00[America/New_York],Cycle length: Active=181
2021-06-06T13:08:09-04:00[America/New_York],Cycle generator: Status=restart
2021-06-06T13:08:27-04:00[America/New_York],Cycle length: Nominal=169
2021-06-06T13:08:27-04:00[America/New_York],Cycle length: Active=169
2021-06-06T13:11:00-04:00[America/New_York],Cycle generator: Status=restart
2021-06-06T13:11:16-04:00[America/New_York],Cycle length: Nominal=171
2021-06-06T13:11:16-04:00[America/New_York],Cycle length: Active=171
2021-06-06T13:13:50-04:00[America/New_York],Cycle generator: Status=restart
2021-06-06T13:14:07-04:00[America/New_York],Cycle length: Nominal=168
2021-06-06T13:14:07-04:00[America/New_York],Cycle length: Active=168
2021-06-06T13:16:39-04:00[America/New_York],Cycle generator: Status=restart
2021-06-06T13:16:55-04:00[America/New_York],Cycle length: Nominal=170
2021-06-06T13:16:55-04:00[America/New_York],Cycle length: Active=170
2021-06-06T13:19:28-04:00[America/New_York],Cycle generator: Status=restart
2021-06-06T13:19:45-04:00[America/New_York],Cycle length: Nominal=172
2021-06-06T13:19:45-04:00[America/New_York],Cycle length: Active=172
2021-06-06T13:22:20-04:00[America/New_York],Cycle generator: Status=restart
2021-06-06T13:22:37-04:00[America/New_York],Cycle length: Nominal=170
2021-06-06T13:22:37-04:00[America/New_York],Cycle length: Active=170
2021-06-06T13:25:10-04:00[America/New_York],Cycle generator: Status=restart
2021-06-06T13:25:27-04:00[America/New_York],Cycle length: Nominal=168
2021-06-06T13:25:27-04:00[America/New_York],Cycle length: Active=168
2021-06-06T13:27:59-04:00[America/New_York],Cycle generator: Status=restart
2021-06-06T13:28:15-04:00[America/New_York],Cycle length: Nominal=170
2021-06-06T13:28:15-04:00[America/New_York],Cycle length: Active=170
2021-06-06T13:30:48-04:00[America/New_York],Cycle generator: Status=restart
2021-06-06T13:31:05-04:00[America/New_York],Cycle length: Nominal=168
2021-06-06T13:31:05-04:00[America/New_York],Cycle length: Active=168
2021-06-06T13:33:37-04:00[America/New_York],Cycle generator: Status=restart
2021-06-06T13:33:53-04:00[America/New_York],Cycle length: Nominal=163
2021-06-06T13:33:53-04:00[America/New_York],Cycle length: Active=163
2021-06-06T13:36:20-04:00[America/New_York],Cycle generator: Status=restart
2021-06-06T13:36:36-04:00[America/New_York],Cycle length: Nominal=151
2021-06-06T13:36:36-04:00[America/New_York],Cycle length: Active=151
2021-06-06T13:38:52-04:00[America/New_York],Cycle generator: Status=restart
2021-06-06T13:39:07-04:00[America/New_York],Cycle length: Nominal=145
2021-06-06T13:39:07-04:00[America/New_York],Cycle length: Active=145
2021-06-06T13:41:18-04:00[America/New_York],Cycle generator: Status=restart
2021-06-06T13:41:32-04:00[America/New_York],Cycle length: Nominal=142
2021-06-06T13:41:32-04:00[America/New_York],Cycle length: Active=142
2021-06-06T13:43:40-04:00[America/New_York],Cycle generator: Status=restart
2021-06-06T13:43:54-04:00[America/New_York],Cycle length: Nominal=144
2021-06-06T13:43:54-04:00[America/New_York],Cycle length: Active=144
2021-06-06T13:46:04-04:00[America/New_York],Cycle generator: Status=restart
2021-06-06T13:46:18-04:00[America/New_York],Cycle length: Nominal=147
2021-06-06T13:46:18-04:00[America/New_York],Cycle length: Active=147
2021-06-06T13:48:31-04:00[America/New_York],Cycle generator: Status=restart
2021-06-06T13:48:45-04:00[America/New_York],Cycle length: Nominal=145
2021-06-06T13:48:45-04:00[America/New_York],Cycle length: Active=145
2021-06-06T13:51:09-04:00[America/New_York],Cycle generator: Status=restart
2021-06-06T13:51:24-04:00[America/New_York],Cycle length: Active=145
2021-06-06T13:53:48-04:00[America/New_York],Cycle generator: Status=restart
2021-06-06T13:54:04-04:00[America/New_York],Cycle length: Active=145
2021-06-06T13:56:15-04:00[America/New_York],Cycle generator: Status=restart
2021-06-06T13:56:29-04:00[America/New_York],Cycle length: Nominal=147
2021-06-06T13:56:29-04:00[America/New_York],Cycle length: Active=147
2021-06-06T13:58:42-04:00[America/New_York],Cycle generator: Status=restart
2021-06-06T13:58:56-04:00[America/New_York],Cycle length: Nominal=154
2021-06-06T13:58:56-04:00[America/New_York],Cycle length: Active=154
2021-06-06T14:01:15-04:00[America/New_York],Cycle generator: Status=restart
2021-06-06T14:01:30-04:00[America/New_York],Cycle length: Nominal=152
2021-06-06T14:01:30-04:00[America/New_York],Cycle length: Active=152
2021-06-06T14:03:47-04:00[America/New_York],Cycle generator: Status=restart
2021-06-06T14:04:02-04:00[America/New_York],Cycle length: Nominal=151
2021-06-06T14:04:02-04:00[America/New_York],Cycle length: Active=151
2021-06-06T14:06:18-04:00[America/New_York],Cycle generator: Status=restart
2021-06-06T14:06:33-04:00[America/New_York],Cycle length: Nominal=143
2021-06-06T14:06:33-04:00[America/New_York],Cycle length: Active=143
2021-06-06T14:08:42-04:00[America/New_York],Cycle generator: Status=restart
2021-06-06T14:08:56-04:00[America/New_York],Cycle length: Nominal=136
2021-06-06T14:08:56-04:00[America/New_York],Cycle length: Active=136
2021-06-06T14:10:59-04:00[America/New_York],Cycle generator: Status=restart
2021-06-06T14:11:12-04:00[America/New_York],Cycle length: Nominal=137
2021-06-06T14:11:12-04:00[America/New_York],Cycle length: Active=137
2021-06-06T14:13:16-04:00[America/New_York],Cycle generator: Status=restart
2021-06-06T14:13:29-04:00[America/New_York],Cycle length: Nominal=139
2021-06-06T14:13:29-04:00[America/New_York],Cycle length: Active=139
2021-06-06T14:15:35-04:00[America/New_York],Cycle generator: Status=restart
2021-06-06T14:15:48-04:00[America/New_York],Cycle length: Nominal=137
2021-06-06T14:15:48-04:00[America/New_York],Cycle length: Active=137
2021-06-06T14:17:52-04:00[America/New_York],Cycle generator: Status=restart
2021-06-06T14:18:05-04:00[America/New_York],Cycle length: Nominal=139
2021-06-06T14:18:05-04:00[America/New_York],Cycle length: Active=139
2021-06-06T14:20:11-04:00[America/New_York],Cycle generator: Status=restart
2021-06-06T14:20:24-04:00[America/New_York],Cycle length: Nominal=141
2021-06-06T14:20:24-04:00[America/New_York],Cycle length: Active=141
2021-06-06T14:22:31-04:00[America/New_York],Cycle generator: Status=restart
2021-06-06T14:22:45-04:00[America/New_York],Cycle length: Nominal=149
2021-06-06T14:22:45-04:00[America/New_York],Cycle length: Active=149
2021-06-06T14:25:00-04:00[America/New_York],Cycle generator: Status=restart
2021-06-06T14:25:14-04:00[America/New_York],Cycle length: Nominal=150
2021-06-06T14:25:14-04:00[America/New_York],Cycle length: Active=150
2021-06-06T14:27:29-04:00[America/New_York],Cycle generator: Status=restart
2021-06-06T14:29:59-04:00[America/New_York],Cycle generator: Status=restart
2021-06-06T14:30:14-04:00[America/New_York],Cycle length: Nominal=151
2021-06-06T14:30:14-04:00[America/New_York],Cycle length: Active=151
2021-06-06T14:32:30-04:00[America/New_York],Cycle generator: Status=restart
2021-06-06T14:32:45-04:00[America/New_York],Cycle length: Nominal=149
2021-06-06T14:32:45-04:00[America/New_York],Cycle length: Active=149
2021-06-06T14:35:00-04:00[America/New_York],Cycle generator: Status=restart
2021-06-06T14:35:14-04:00[America/New_York],Cycle length: Nominal=145
2021-06-06T14:35:14-04:00[America/New_York],Cycle length: Active=145
2021-06-06T14:37:25-04:00[America/New_York],Cycle generator: Status=restart
2021-06-06T14:37:39-04:00[America/New_York],Cycle length: Nominal=144
2021-06-06T14:37:39-04:00[America/New_York],Cycle length: Active=144
2021-06-06T14:39:49-04:00[America/New_York],Cycle generator: Status=restart
2021-06-06T14:40:03-04:00[America/New_York],Cycle length: Nominal=146
2021-06-06T14:40:03-04:00[America/New_York],Cycle length: Active=146
2021-06-06T14:42:15-04:00[America/New_York],Cycle generator: Status=restart
2021-06-06T14:42:29-04:00[America/New_York],Cycle length: Nominal=149
2021-06-06T14:42:29-04:00[America/New_York],Cycle length: Active=149
2021-06-06T14:44:44-04:00[America/New_York],Cycle generator: Status=restart
2021-06-06T14:44:58-04:00[America/New_York],Cycle length: Nominal=158
2021-06-06T14:44:58-04:00[America/New_York],Cycle length: Active=158
2021-06-06T14:47:21-04:00[America/New_York],Cycle generator: Status=restart
2021-06-06T14:47:36-04:00[America/New_York],Cycle length: Nominal=166
2021-06-06T14:47:36-04:00[America/New_York],Cycle length: Active=166
2021-06-06T14:50:06-04:00[America/New_York],Cycle generator: Status=restart
2021-06-06T14:50:22-04:00[America/New_York],Cycle length: Nominal=174
2021-06-06T14:50:22-04:00[America/New_York],Cycle length: Active=174
2021-06-06T14:52:59-04:00[America/New_York],Cycle generator: Status=restart
2021-06-06T14:53:16-04:00[America/New_York],Cycle length: Nominal=172
2021-06-06T14:53:16-04:00[America/New_York],Cycle length: Active=172
2021-06-06T14:55:51-04:00[America/New_York],Cycle generator: Status=restart
2021-06-06T14:56:08-04:00[America/New_York],Cycle length: Nominal=173
2021-06-06T14:56:08-04:00[America/New_York],Cycle length: Active=173
2021-06-06T14:58:44-04:00[America/New_York],Cycle generator: Status=restart
2021-06-06T14:59:01-04:00[America/New_York],Cycle length: Nominal=175
2021-06-06T14:59:01-04:00[America/New_York],Cycle length: Active=175
2021-06-06T15:01:39-04:00[America/New_York],Cycle generator: Status=restart
2021-06-06T15:01:56-04:00[America/New_York],Cycle length: Nominal=174
2021-06-06T15:01:56-04:00[America/New_York],Cycle length: Active=174
2021-06-06T15:04:33-04:00[America/New_York],Cycle generator: Status=restart
2021-06-06T15:04:50-04:00[America/New_York],Cycle length: Nominal=170
2021-06-06T15:04:50-04:00[America/New_York],Cycle length: Active=170
2021-06-06T15:07:23-04:00[America/New_York],Cycle generator: Status=restart
2021-06-06T15:07:40-04:00[America/New_York],Cycle length: Nominal=156
2021-06-06T15:07:40-04:00[America/New_York],Cycle length: Active=156
2021-06-06T15:10:01-04:00[America/New_York],Cycle generator: Status=restart
2021-06-06T15:10:16-04:00[America/New_York],Cycle length: Nominal=147
2021-06-06T15:10:16-04:00[America/New_York],Cycle length: Active=147
2021-06-06T15:12:29-04:00[America/New_York],Cycle generator: Status=restart
2021-06-06T15:12:43-04:00[America/New_York],Cycle length: Nominal=141
2021-06-06T15:12:43-04:00[America/New_York],Cycle length: Active=141
2021-06-06T15:14:50-04:00[America/New_York],Cycle generator: Status=restart
2021-06-06T15:15:04-04:00[America/New_York],Cycle length: Nominal=132
2021-06-06T15:15:04-04:00[America/New_York],Cycle length: Active=132
2021-06-06T15:17:03-04:00[America/New_York],Cycle generator: Status=restart
2021-06-06T15:17:16-04:00[America/New_York],Cycle length: Nominal=134
2021-06-06T15:17:16-04:00[America/New_York],Cycle length: Active=134
2021-06-06T15:19:17-04:00[America/New_York],Cycle generator: Status=restart
2021-06-06T15:19:30-04:00[America/New_York],Cycle length: Nominal=135
2021-06-06T15:19:30-04:00[America/New_York],Cycle length: Active=135
2021-06-06T15:21:32-04:00[America/New_York],Cycle generator: Status=restart
2021-06-06T15:21:45-04:00[America/New_York],Cycle length: Nominal=141
2021-06-06T15:21:45-04:00[America/New_York],Cycle length: Active=141
2021-06-06T15:23:52-04:00[America/New_York],Cycle generator: Status=restart
2021-06-06T15:24:06-04:00[America/New_York],Cycle length: Nominal=144
2021-06-06T15:24:06-04:00[America/New_York],Cycle length: Active=144
2021-06-06T15:26:16-04:00[America/New_York],Cycle generator: Status=restart
2021-06-06T15:26:30-04:00[America/New_York],Cycle length: Nominal=150
2021-06-06T15:26:30-04:00[America/New_York],Cycle length: Active=150
2021-06-06T15:28:45-04:00[America/New_York],Cycle generator: Status=restart
2021-06-06T15:29:00-04:00[America/New_York],Cycle length: Nominal=149
2021-06-06T15:29:00-04:00[America/New_York],Cycle length: Active=149
2021-06-06T15:31:15-04:00[America/New_York],Cycle generator: Status=restart
2021-06-06T15:31:29-04:00[America/New_York],Cycle length: Nominal=147
2021-06-06T15:31:29-04:00[America/New_York],Cycle length: Active=147
2021-06-06T15:33:42-04:00[America/New_York],Cycle generator: Status=restart
2021-06-06T15:33:56-04:00[America/New_York],Cycle length: Nominal=145
2021-06-06T15:33:56-04:00[America/New_York],Cycle length: Active=145
2021-06-06T15:36:07-04:00[America/New_York],Cycle generator: Status=restart
2021-06-06T15:36:21-04:00[America/New_York],Cycle length: Nominal=143
2021-06-06T15:36:21-04:00[America/New_York],Cycle length: Active=143
2021-06-06T15:38:30-04:00[America/New_York],Cycle generator: Status=restart
2021-06-06T15:38:44-04:00[America/New_York],Cycle length: Nominal=144
2021-06-06T15:38:44-04:00[America/New_York],Cycle length: Active=144
2021-06-06T15:40:54-04:00[America/New_York],Cycle generator: Status=restart
2021-06-06T15:41:08-04:00[America/New_York],Cycle length: Nominal=146
2021-06-06T15:41:08-04:00[America/New_York],Cycle length: Active=146
2021-06-06T15:43:20-04:00[America/New_York],Cycle generator: Status=restart
2021-06-06T15:43:34-04:00[America/New_York],Cycle length: Nominal=154
2021-06-06T15:43:34-04:00[America/New_York],Cycle length: Active=154
2021-06-06T15:45:53-04:00[America/New_York],Cycle generator: Status=restart
2021-06-06T15:46:08-04:00[America/New_York],Cycle length: Nominal=160
2021-06-06T15:46:08-04:00[America/New_York],Cycle length: Active=160
2021-06-06T15:48:32-04:00[America/New_York],Cycle generator: Status=restart
2021-06-06T15:51:12-04:00[America/New_York],Cycle generator: Status=restart
2021-06-06T15:51:28-04:00[America/New_York],Cycle length: Nominal=163
2021-06-06T15:51:28-04:00[America/New_York],Cycle length: Active=163
2021-06-06T15:54:10-04:00[America/New_York],Cycle generator: Status=restart
2021-06-06T15:54:27-04:00[America/New_York],Cycle length: Nominal=171
2021-06-06T15:54:27-04:00[America/New_York],Cycle length: Active=171
2021-06-06T15:57:05-04:00[America/New_York],Cycle generator: Status=restart
2021-06-06T15:57:22-04:00[America/New_York],Cycle length: Active=171
2021-06-06T15:59:56-04:00[America/New_York],Cycle generator: Status=restart
2021-06-06T16:00:13-04:00[America/New_York],Cycle length: Nominal=169
2021-06-06T16:00:13-04:00[America/New_York],Cycle length: Active=169
2021-06-06T16:02:46-04:00[America/New_York],Cycle generator: Status=restart
2021-06-06T16:03:02-04:00[America/New_York],Cycle length: Nominal=161
2021-06-06T16:03:02-04:00[America/New_York],Cycle length: Active=161
2021-06-06T16:05:27-04:00[America/New_York],Cycle generator: Status=restart
2021-06-06T16:05:43-04:00[America/New_York],Cycle length: Nominal=163
2021-06-06T16:05:43-04:00[America/New_York],Cycle length: Active=163
2021-06-06T16:08:10-04:00[America/New_York],Cycle generator: Status=restart
2021-06-06T16:08:26-04:00[America/New_York],Cycle length: Nominal=161
2021-06-06T16:08:26-04:00[America/New_York],Cycle length: Active=161
2021-06-06T16:10:51-04:00[America/New_York],Cycle generator: Status=restart
2021-06-06T16:11:07-04:00[America/New_York],Cycle length: Nominal=160
2021-06-06T16:11:07-04:00[America/New_York],Cycle length: Active=160
2021-06-06T16:13:31-04:00[America/New_York],Cycle generator: Status=restart
2021-06-06T16:13:47-04:00[America/New_York],Cycle length: Nominal=154
2021-06-06T16:13:47-04:00[America/New_York],Cycle length: Active=154
2021-06-06T16:16:06-04:00[America/New_York],Cycle generator: Status=restart
2021-06-06T16:16:21-04:00[America/New_York],Cycle length: Nominal=151
2021-06-06T16:16:21-04:00[America/New_York],Cycle length: Active=151
2021-06-06T16:18:37-04:00[America/New_York],Cycle generator: Status=restart
2021-06-06T16:18:52-04:00[America/New_York],Cycle length: Nominal=146
2021-06-06T16:18:52-04:00[America/New_York],Cycle length: Active=146
2021-06-06T16:21:04-04:00[America/New_York],Cycle generator: Status=restart
2021-06-06T16:21:18-04:00[America/New_York],Cycle length: Nominal=148
2021-06-06T16:21:18-04:00[America/New_York],Cycle length: Active=148
2021-06-06T16:23:32-04:00[America/New_York],Cycle generator: Status=restart
2021-06-06T16:23:46-04:00[America/New_York],Cycle length: Nominal=149
2021-06-06T16:23:46-04:00[America/New_York],Cycle length: Active=149
2021-06-06T16:26:01-04:00[America/New_York],Cycle generator: Status=restart
2021-06-06T16:26:15-04:00[America/New_York],Cycle length: Nominal=150
2021-06-06T16:26:15-04:00[America/New_York],Cycle length: Active=150
2021-06-06T16:28:30-04:00[America/New_York],Cycle generator: Status=restart
2021-06-06T16:28:45-04:00[America/New_York],Cycle length: Nominal=148
2021-06-06T16:28:45-04:00[America/New_York],Cycle length: Active=148
2021-06-06T16:30:59-04:00[America/New_York],Cycle generator: Status=restart
2021-06-06T16:31:13-04:00[America/New_York],Cycle length: Nominal=142
2021-06-06T16:31:13-04:00[America/New_York],Cycle length: Active=142
2021-06-06T16:33:21-04:00[America/New_York],Cycle generator: Status=restart
2021-06-06T16:33:35-04:00[America/New_York],Cycle length: Nominal=138
2021-06-06T16:33:35-04:00[America/New_York],Cycle length: Active=138
2021-06-06T16:35:40-04:00[America/New_York],Cycle generator: Status=restart
2021-06-06T16:35:53-04:00[America/New_York],Cycle length: Nominal=134
2021-06-06T16:35:53-04:00[America/New_York],Cycle length: Active=134
2021-06-06T16:37:54-04:00[America/New_York],Cycle generator: Status=restart
2021-06-06T16:38:07-04:00[America/New_York],Cycle length: Nominal=132
2021-06-06T16:38:07-04:00[America/New_York],Cycle length: Active=132
2021-06-06T16:40:06-04:00[America/New_York],Cycle generator: Status=restart
2021-06-06T16:40:19-04:00[America/New_York],Cycle length: Nominal=134
2021-06-06T16:40:19-04:00[America/New_York],Cycle length: Active=134
2021-06-06T16:42:20-04:00[America/New_York],Cycle generator: Status=restart
2021-06-06T16:42:33-04:00[America/New_York],Cycle length: Nominal=132
2021-06-06T16:42:33-04:00[America/New_York],Cycle length: Active=132
2021-06-06T16:44:32-04:00[America/New_York],Cycle generator: Status=restart
2021-06-06T16:44:45-04:00[America/New_York],Cycle length: Nominal=134
2021-06-06T16:44:45-04:00[America/New_York],Cycle length: Active=134
2021-06-06T16:46:46-04:00[America/New_York],Cycle generator: Status=restart
2021-06-06T16:46:59-04:00[America/New_York],Cycle length: Nominal=135
2021-06-06T16:46:59-04:00[America/New_York],Cycle length: Active=135
2021-06-06T16:49:01-04:00[America/New_York],Cycle generator: Status=restart
2021-06-06T16:49:14-04:00[America/New_York],Cycle length: Nominal=134
2021-06-06T16:49:14-04:00[America/New_York],Cycle length: Active=134
2021-06-06T16:51:15-04:00[America/New_York],Cycle generator: Status=restart
2021-06-06T16:51:28-04:00[America/New_York],Cycle length: Nominal=132
2021-06-06T16:51:28-04:00[America/New_York],Cycle length: Active=132
2021-06-06T16:53:27-04:00[America/New_York],Cycle generator: Status=restart
2021-06-06T16:53:40-04:00[America/New_York],Cycle length: Nominal=134
2021-06-06T16:53:40-04:00[America/New_York],Cycle length: Active=134
2021-06-06T16:55:41-04:00[America/New_York],Cycle generator: Status=restart
2021-06-06T16:55:54-04:00[America/New_York],Cycle length: Nominal=142
2021-06-06T16:55:54-04:00[America/New_York],Cycle length: Active=142
2021-06-06T16:58:02-04:00[America/New_York],Cycle generator: Status=restart
2021-06-06T16:58:16-04:00[America/New_York],Cycle length: Nominal=155
2021-06-06T16:58:16-04:00[America/New_York],Cycle length: Active=155
2021-06-06T17:00:36-04:00[America/New_York],Cycle generator: Status=restart
2021-06-06T17:00:51-04:00[America/New_York],Cycle length: Nominal=163
2021-06-06T17:00:51-04:00[America/New_York],Cycle length: Active=163
2021-06-06T17:03:18-04:00[America/New_York],Cycle generator: Status=restart
2021-06-06T17:03:34-04:00[America/New_York],Cycle length: Nominal=171
2021-06-06T17:03:34-04:00[America/New_York],Cycle length: Active=171
2021-06-06T17:06:08-04:00[America/New_York],Cycle generator: Status=restart
2021-06-06T17:06:25-04:00[America/New_York],Cycle length: Nominal=179
2021-06-06T17:06:25-04:00[America/New_York],Cycle length: Active=179
2021-06-06T17:09:07-04:00[America/New_York],Cycle generator: Status=restart
2021-06-06T17:09:24-04:00[America/New_York],Cycle length: Nominal=178
2021-06-06T17:09:24-04:00[America/New_York],Cycle length: Active=178
2021-06-06T17:12:05-04:00[America/New_York],Cycle generator: Status=restart
2021-06-06T17:12:22-04:00[America/New_York],Cycle length: Nominal=176
2021-06-06T17:12:22-04:00[America/New_York],Cycle length: Active=176
2021-06-06T17:15:01-04:00[America/New_York],Cycle generator: Status=restart
2021-06-06T17:15:18-04:00[America/New_York],Cycle length: Nominal=170
2021-06-06T17:15:18-04:00[America/New_York],Cycle length: Active=170
2021-06-06T17:17:51-04:00[America/New_York],Cycle generator: Status=restart
2021-06-06T17:18:08-04:00[America/New_York],Cycle length: Nominal=161
2021-06-06T17:18:08-04:00[America/New_York],Cycle length: Active=161
2021-06-06T17:20:33-04:00[America/New_York],Cycle generator: Status=restart
2021-06-06T17:20:49-04:00[America/New_York],Cycle length: Nominal=151
2021-06-06T17:20:49-04:00[America/New_York],Cycle length: Active=151
2021-06-06T17:23:05-04:00[America/New_York],Cycle generator: Status=restart
2021-06-06T17:23:20-04:00[America/New_York],Cycle length: Nominal=145
2021-06-06T17:23:20-04:00[America/New_York],Cycle length: Active=145
2021-06-06T17:25:31-04:00[America/New_York],Cycle generator: Status=restart
2021-06-06T17:25:45-04:00[America/New_York],Cycle length: Nominal=146
2021-06-06T17:25:45-04:00[America/New_York],Cycle length: Active=146
2021-06-06T17:27:57-04:00[America/New_York],Cycle generator: Status=restart
2021-06-06T17:28:11-04:00[America/New_York],Cycle length: Nominal=148
2021-06-06T17:28:11-04:00[America/New_York],Cycle length: Active=148
2021-06-06T17:30:25-04:00[America/New_York],Cycle generator: Status=restart
2021-06-06T17:30:39-04:00[America/New_York],Cycle length: Nominal=151
2021-06-06T17:30:39-04:00[America/New_York],Cycle length: Active=151
2021-06-06T17:32:55-04:00[America/New_York],Cycle generator: Status=restart
2021-06-06T17:33:10-04:00[America/New_York],Cycle length: Nominal=149
2021-06-06T17:33:10-04:00[America/New_York],Cycle length: Active=149
2021-06-06T17:35:25-04:00[America/New_York],Cycle generator: Status=restart
2021-06-06T17:35:39-04:00[America/New_York],Cycle length: Nominal=142
2021-06-06T17:35:39-04:00[America/New_York],Cycle length: Active=142
2021-06-06T17:37:47-04:00[America/New_York],Cycle generator: Status=restart
2021-06-06T17:38:01-04:00[America/New_York],Cycle length: Nominal=130
2021-06-06T17:38:01-04:00[America/New_York],Cycle length: Active=130
2021-06-06T17:39:58-04:00[America/New_York],Cycle generator: Status=restart
2021-06-06T17:40:11-04:00[America/New_York],Cycle length: Nominal=129
2021-06-06T17:40:11-04:00[America/New_York],Cycle length: Active=129
2021-06-06T17:42:08-04:00[America/New_York],Cycle generator: Status=restart
2021-06-06T17:42:20-04:00[America/New_York],Cycle length: Nominal=120
2021-06-06T17:42:20-04:00[America/New_York],Cycle length: Active=120
2021-06-06T17:44:08-04:00[America/New_York],Cycle generator: Status=restart
2021-06-06T17:44:20-04:00[America/New_York],Cycle length: Nominal=111
2021-06-06T17:44:20-04:00[America/New_York],Cycle length: Active=111
2021-06-06T17:46:00-04:00[America/New_York],Cycle generator: Status=restart
2021-06-06T17:46:11-04:00[America/New_York],Cycle length: Nominal=104
2021-06-06T17:46:11-04:00[America/New_York],Cycle length: Active=104
2021-06-06T17:47:45-04:00[America/New_York],Cycle generator: Status=restart
2021-06-06T17:47:55-04:00[America/New_York],Cycle length: Nominal=103
2021-06-06T17:47:55-04:00[America/New_York],Cycle length: Active=103
2021-06-06T17:49:28-04:00[America/New_York],Cycle generator: Status=restart
2021-06-06T17:49:38-04:00[America/New_York],Cycle length: Nominal=104
2021-06-06T17:49:38-04:00[America/New_York],Cycle length: Active=104
2021-06-06T17:51:12-04:00[America/New_York],Cycle generator: Status=restart
2021-06-06T17:51:22-04:00[America/New_York],Cycle length: Nominal=107
2021-06-06T17:51:22-04:00[America/New_York],Cycle length: Active=107
2021-06-06T17:52:59-04:00[America/New_York],Cycle generator: Status=restart
2021-06-06T17:53:09-04:00[America/New_York],Cycle length: Nominal=116
2021-06-06T17:53:09-04:00[America/New_York],Cycle length: Active=116
2021-06-06T17:54:54-04:00[America/New_York],Cycle generator: Status=restart
2021-06-06T17:55:05-04:00[America/New_York],Cycle length: Nominal=123
2021-06-06T17:55:05-04:00[America/New_York],Cycle length: Active=123
2021-06-06T17:56:56-04:00[America/New_York],Cycle generator: Status=restart
2021-06-06T17:57:08-04:00[America/New_York],Cycle length: Nominal=121
2021-06-06T17:57:08-04:00[America/New_York],Cycle length: Active=121
2021-06-06T17:58:57-04:00[America/New_York],Cycle generator: Status=restart
2021-06-06T17:59:09-04:00[America/New_York],Cycle length: Nominal=120
2021-06-06T17:59:09-04:00[America/New_York],Cycle length: Active=120
2021-06-06T18:00:57-04:00[America/New_York],Cycle generator: Status=restart
2021-06-06T18:01:09-04:00[America/New_York],Cycle length: Nominal=113
2021-06-06T18:01:09-04:00[America/New_York],Cycle length: Active=113
2021-06-06T18:02:51-04:00[America/New_York],Cycle generator: Status=restart
2021-06-06T18:03:02-04:00[America/New_York],Cycle length: Nominal=114
2021-06-06T18:03:02-04:00[America/New_York],Cycle length: Active=114
2021-06-06T18:04:45-04:00[America/New_York],Cycle generator: Status=restart
2021-06-06T18:04:56-04:00[America/New_York],Cycle length: Nominal=116
2021-06-06T18:04:56-04:00[America/New_York],Cycle length: Active=116
2021-06-06T18:06:41-04:00[America/New_York],Cycle generator: Status=restart
2021-06-06T18:06:52-04:00[America/New_York],Cycle length: Nominal=114
2021-06-06T18:06:52-04:00[America/New_York],Cycle length: Active=114
2021-06-06T18:08:35-04:00[America/New_York],Cycle generator: Status=restart
2021-06-06T18:08:46-04:00[America/New_York],Cycle length: Nominal=108
2021-06-06T18:08:46-04:00[America/New_York],Cycle length: Active=108
2021-06-06T18:10:24-04:00[America/New_York],Cycle generator: Status=restart
2021-06-06T18:10:34-04:00[America/New_York],Cycle length: Nominal=110
2021-06-06T18:10:34-04:00[America/New_York],Cycle length: Active=110
2021-06-06T18:12:13-04:00[America/New_York],Cycle generator: Status=restart
2021-06-06T18:12:24-04:00[America/New_York],Cycle length: Nominal=111
2021-06-06T18:12:24-04:00[America/New_York],Cycle length: Active=111
2021-06-06T18:14:04-04:00[America/New_York],Cycle generator: Status=restart
2021-06-06T18:14:15-04:00[America/New_York],Cycle length: Nominal=121
2021-06-06T18:14:15-04:00[America/New_York],Cycle length: Active=121
2021-06-06T18:16:04-04:00[America/New_York],Cycle generator: Status=restart
2021-06-06T18:16:16-04:00[America/New_York],Cycle length: Nominal=119
2021-06-06T18:16:16-04:00[America/New_York],Cycle length: Active=119
2021-06-06T18:18:04-04:00[America/New_York],Cycle generator: Status=restart
2021-06-06T18:18:15-04:00[America/New_York],Cycle length: Nominal=121
2021-06-06T18:18:15-04:00[America/New_York],Cycle length: Active=121
2021-06-06T18:20:04-04:00[America/New_York],Cycle generator: Status=restart
2021-06-06T18:20:16-04:00[America/New_York],Cycle length: Nominal=122
2021-06-06T18:20:16-04:00[America/New_York],Cycle length: Active=122
2021-06-06T18:22:06-04:00[America/New_York],Cycle generator: Status=restart
2021-06-06T18:22:18-04:00[America/New_York],Cycle length: Nominal=123
2021-06-06T18:22:18-04:00[America/New_York],Cycle length: Active=123
2021-06-06T18:24:09-04:00[America/New_York],Cycle generator: Status=restart
2021-06-06T18:24:21-04:00[America/New_York],Cycle length: Nominal=122
2021-06-06T18:24:21-04:00[America/New_York],Cycle length: Active=122
2021-06-06T18:26:11-04:00[America/New_York],Cycle generator: Status=restart
2021-06-06T18:28:13-04:00[America/New_York],Cycle generator: Status=restart
2021-06-06T18:28:25-04:00[America/New_York],Cycle length: Nominal=121
2021-06-06T18:28:25-04:00[America/New_York],Cycle length: Active=121
2021-06-06T18:30:14-04:00[America/New_York],Cycle generator: Status=restart
2021-06-06T18:30:26-04:00[America/New_York],Cycle length: Nominal=116
2021-06-06T18:30:26-04:00[America/New_York],Cycle length: Active=116
2021-06-06T18:32:11-04:00[America/New_York],Cycle generator: Status=restart
2021-06-06T18:32:22-04:00[America/New_York],Cycle length: Nominal=110
2021-06-06T18:32:22-04:00[America/New_York],Cycle length: Active=110
2021-06-06T18:34:01-04:00[America/New_York],Cycle generator: Status=restart
2021-06-06T18:34:12-04:00[America/New_York],Cycle length: Nominal=112
2021-06-06T18:34:12-04:00[America/New_York],Cycle length: Active=112
2021-06-06T18:35:53-04:00[America/New_York],Cycle generator: Status=restart
2021-06-06T18:36:04-04:00[America/New_York],Cycle length: Nominal=113
2021-06-06T18:36:04-04:00[America/New_York],Cycle length: Active=113
2021-06-06T18:37:46-04:00[America/New_York],Cycle generator: Status=restart
2021-06-06T18:37:57-04:00[America/New_York],Cycle length: Nominal=115
2021-06-06T18:37:57-04:00[America/New_York],Cycle length: Active=115
2021-06-06T18:39:41-04:00[America/New_York],Cycle generator: Status=restart
2021-06-06T18:39:52-04:00[America/New_York],Cycle length: Nominal=121
2021-06-06T18:39:52-04:00[America/New_York],Cycle length: Active=121
2021-06-06T18:41:41-04:00[America/New_York],Cycle generator: Status=restart
2021-06-06T18:41:53-04:00[America/New_York],Cycle length: Nominal=119
2021-06-06T18:41:53-04:00[America/New_York],Cycle length: Active=119
2021-06-06T18:43:41-04:00[America/New_York],Cycle generator: Status=restart
2021-06-06T18:43:52-04:00[America/New_York],Cycle length: Nominal=118
2021-06-06T18:43:52-04:00[America/New_York],Cycle length: Active=118
2021-06-06T18:45:39-04:00[America/New_York],Cycle generator: Status=restart
2021-06-06T18:45:50-04:00[America/New_York],Cycle length: Nominal=119
2021-06-06T18:45:50-04:00[America/New_York],Cycle length: Active=119
2021-06-06T18:47:38-04:00[America/New_York],Cycle generator: Status=restart
2021-06-06T18:49:37-04:00[America/New_York],Cycle generator: Status=restart
2021-06-06T18:49:48-04:00[America/New_York],Cycle length: Nominal=117
2021-06-06T18:49:48-04:00[America/New_York],Cycle length: Active=117
2021-06-06T18:51:34-04:00[America/New_York],Cycle generator: Status=restart
2021-06-06T18:51:45-04:00[America/New_York],Cycle length: Nominal=119
2021-06-06T18:51:45-04:00[America/New_York],Cycle length: Active=119
2021-06-06T18:53:33-04:00[America/New_York],Cycle generator: Status=restart
2021-06-06T18:53:44-04:00[America/New_York],Cycle length: Nominal=122
2021-06-06T18:53:44-04:00[America/New_York],Cycle length: Active=122
2021-06-06T18:55:34-04:00[America/New_York],Cycle generator: Status=restart
2021-06-06T18:55:46-04:00[America/New_York],Cycle length: Nominal=120
2021-06-06T18:55:46-04:00[America/New_York],Cycle length: Active=120
2021-06-06T18:57:34-04:00[America/New_York],Cycle generator: Status=restart
2021-06-06T18:57:46-04:00[America/New_York],Cycle length: Nominal=113
2021-06-06T18:57:46-04:00[America/New_York],Cycle length: Active=113
2021-06-06T18:59:28-04:00[America/New_York],Cycle generator: Status=restart
2021-06-06T18:59:39-04:00[America/New_York],Cycle length: Nominal=105
2021-06-06T18:59:39-04:00[America/New_York],Cycle length: Active=105
2021-06-06T19:01:14-04:00[America/New_York],Cycle generator: Status=restart
2021-06-06T19:01:24-04:00[America/New_York],Cycle length: Nominal=100
2021-06-06T19:01:24-04:00[America/New_York],Cycle length: Active=100
2021-06-06T19:02:54-04:00[America/New_York],Cycle generator: Status=restart
2021-06-06T19:04:34-04:00[America/New_York],Cycle generator: Status=restart
2021-06-06T19:06:14-04:00[America/New_York],Cycle generator: Status=restart
2021-06-06T19:07:54-04:00[America/New_York],Cycle generator: Status=restart
2021-06-06T19:09:34-04:00[America/New_York],Cycle generator: Status=restart
2021-06-06T19:09:44-04:00[America/New_York],Cycle length: Nominal=109
2021-06-06T19:09:44-04:00[America/New_York],Cycle length: Active=109
2021-06-06T19:11:23-04:00[America/New_York],Cycle generator: Status=restart
2021-06-06T19:13:12-04:00[America/New_York],Cycle generator: Status=restart
2021-06-06T19:13:22-04:00[America/New_York],Cycle length: Nominal=108
2021-06-06T19:13:22-04:00[America/New_York],Cycle length: Active=108
2021-06-06T19:15:00-04:00[America/New_York],Cycle generator: Status=restart
2021-06-06T19:15:10-04:00[America/New_York],Cycle length: Nominal=100
2021-06-06T19:15:10-04:00[America/New_York],Cycle length: Active=100
2021-06-06T19:16:40-04:00[America/New_York],Cycle generator: Status=restart
2021-06-06T19:18:20-04:00[America/New_York],Cycle generator: Status=restart
2021-06-06T19:20:00-04:00[America/New_York],Cycle generator: Status=restart
2021-06-06T19:21:40-04:00[America/New_York],Cycle generator: Status=restart
2021-06-06T19:23:20-04:00[America/New_York],Cycle generator: Status=restart
2021-06-06T19:25:00-04:00[America/New_York],Cycle generator: Status=restart
2021-06-06T19:26:40-04:00[America/New_York],Cycle generator: Status=restart
2021-06-06T19:28:20-04:00[America/New_York],Cycle generator: Status=restart
2021-06-06T19:30:00-04:00[America/New_York],Cycle generator: Status=restart
2021-06-06T19:30:10-04:00[America/New_York],Cycle length: Nominal=107
2021-06-06T19:30:10-04:00[America/New_York],Cycle length: Active=107
2021-06-06T19:31:47-04:00[America/New_York],Cycle generator: Status=restart
2021-06-06T19:31:57-04:00[America/New_York],Cycle length: Nominal=106
2021-06-06T19:31:57-04:00[America/New_York],Cycle length: Active=106
2021-06-06T19:33:33-04:00[America/New_York],Cycle generator: Status=restart
2021-06-06T19:33:43-04:00[America/New_York],Cycle length: Nominal=104
2021-06-06T19:33:43-04:00[America/New_York],Cycle length: Active=104
2021-06-06T19:35:17-04:00[America/New_York],Cycle generator: Status=restart
2021-06-06T19:35:27-04:00[America/New_York],Cycle length: Nominal=100
2021-06-06T19:35:27-04:00[America/New_York],Cycle length: Active=100
2021-06-06T19:36:57-04:00[America/New_York],Cycle generator: Status=restart
2021-06-06T19:38:37-04:00[America/New_York],Cycle generator: Status=restart
2021-06-06T19:40:17-04:00[America/New_York],Cycle generator: Status=restart
2021-06-06T19:41:57-04:00[America/New_York],Cycle generator: Status=restart
2021-06-06T19:43:37-04:00[America/New_York],Cycle generator: Status=restart
2021-06-06T19:45:17-04:00[America/New_York],Cycle generator: Status=restart
2021-06-06T19:46:57-04:00[America/New_York],Cycle generator: Status=restart
2021-06-06T19:48:37-04:00[America/New_York],Cycle generator: Status=restart
2021-06-06T19:50:17-04:00[America/New_York],Cycle generator: Status=restart
2021-06-06T19:51:57-04:00[America/New_York],Cycle generator: Status=restart
2021-06-06T19:53:37-04:00[America/New_York],Cycle generator: Status=restart
2021-06-06T19:55:17-04:00[America/New_York],Cycle generator: Status=restart
2021-06-06T19:56:57-04:00[America/New_York],Cycle generator: Status=restart
2021-06-06T19:58:37-04:00[America/New_York],Cycle generator: Status=restart
2021-06-06T20:00:17-04:00[America/New_York],Cycle generator: Status=restart
2021-06-06T20:01:57-04:00[America/New_York],Cycle generator: Status=restart
2021-06-06T20:03:37-04:00[America/New_York],Cycle generator: Status=restart
2021-06-06T20:05:17-04:00[America/New_York],Cycle generator: Status=restart
2021-06-06T20:06:57-04:00[America/New_York],Cycle generator: Status=restart
2021-06-06T20:08:37-04:00[America/New_York],Cycle generator: Status=restart
2021-06-06T20:10:17-04:00[America/New_York],Cycle generator: Status=restart
2021-06-06T20:11:57-04:00[America/New_York],Cycle generator: Status=restart
2021-06-06T20:13:37-04:00[America/New_York],Cycle generator: Status=restart
2021-06-06T20:15:17-04:00[America/New_York],Cycle generator: Status=restart
2021-06-06T20:16:57-04:00[America/New_York],Cycle generator: Status=restart
2021-06-06T20:18:37-04:00[America/New_York],Cycle generator: Status=restart
2021-06-06T20:20:17-04:00[America/New_York],Cycle generator: Status=restart
2021-06-06T20:21:57-04:00[America/New_York],Cycle generator: Status=restart
2021-06-06T20:23:37-04:00[America/New_York],Cycle generator: Status=restart
2021-06-06T20:25:17-04:00[America/New_York],Cycle generator: Status=restart
2021-06-06T20:26:57-04:00[America/New_York],Cycle generator: Status=restart
2021-06-06T20:28:37-04:00[America/New_York],Cycle generator: Status=restart
2021-06-06T20:30:17-04:00[America/New_York],Cycle generator: Status=restart
2021-06-06T20:31:57-04:00[America/New_York],Cycle generator: Status=restart
2021-06-06T20:32:07-04:00[America/New_York],Cycle length: Nominal=110
2021-06-06T20:32:07-04:00[America/New_York],Cycle length: Active=110
2021-06-06T20:33:46-04:00[America/New_York],Cycle generator: Status=restart
2021-06-06T20:33:57-04:00[America/New_York],Cycle length: Nominal=117
2021-06-06T20:33:57-04:00[America/New_York],Cycle length: Active=117
2021-06-06T20:35:43-04:00[America/New_York],Cycle generator: Status=restart
2021-06-06T20:35:54-04:00[America/New_York],Cycle length: Nominal=115
2021-06-06T20:35:54-04:00[America/New_York],Cycle length: Active=115
2021-06-06T20:37:38-04:00[America/New_York],Cycle generator: Status=restart
2021-06-06T20:37:49-04:00[America/New_York],Cycle length: Nominal=114
2021-06-06T20:37:49-04:00[America/New_York],Cycle length: Active=114
2021-06-06T20:39:32-04:00[America/New_York],Cycle generator: Status=restart
2021-06-06T20:39:43-04:00[America/New_York],Cycle length: Nominal=109
2021-06-06T20:39:43-04:00[America/New_York],Cycle length: Active=109
2021-06-06T20:41:22-04:00[America/New_York],Cycle generator: Status=restart
2021-06-06T20:41:32-04:00[America/New_York],Cycle length: Nominal=111
2021-06-06T20:41:32-04:00[America/New_York],Cycle length: Active=111
2021-06-06T20:43:12-04:00[America/New_York],Cycle generator: Status=restart
2021-06-06T20:43:23-04:00[America/New_York],Cycle length: Nominal=113
2021-06-06T20:43:23-04:00[America/New_York],Cycle length: Active=113
2021-06-06T20:45:05-04:00[America/New_York],Cycle generator: Status=restart
2021-06-06T20:45:16-04:00[America/New_York],Cycle length: Nominal=111
2021-06-06T20:45:16-04:00[America/New_York],Cycle length: Active=111
2021-06-06T20:46:56-04:00[America/New_York],Cycle generator: Status=restart
2021-06-06T20:47:07-04:00[America/New_York],Cycle length: Nominal=107
2021-06-06T20:47:07-04:00[America/New_York],Cycle length: Active=107
2021-06-06T20:48:44-04:00[America/New_York],Cycle generator: Status=restart
2021-06-06T20:48:54-04:00[America/New_York],Cycle length: Nominal=100
2021-06-06T20:48:54-04:00[America/New_York],Cycle length: Active=100
2021-06-06T20:50:24-04:00[America/New_York],Cycle generator: Status=restart
2021-06-06T20:52:04-04:00[America/New_York],Cycle generator: Status=restart
2021-06-06T20:53:44-04:00[America/New_York],Cycle generator: Status=restart
2021-06-06T20:55:24-04:00[America/New_York],Cycle generator: Status=restart
2021-06-06T20:57:04-04:00[America/New_York],Cycle generator: Status=restart
2021-06-06T20:58:44-04:00[America/New_York],Cycle generator: Status=restart
2021-06-06T21:00:24-04:00[America/New_York],Cycle generator: Status=restart
2021-06-06T21:02:04-04:00[America/New_York],Cycle generator: Status=restart
2021-06-06T21:03:44-04:00[America/New_York],Cycle generator: Status=restart
2021-06-06T21:05:24-04:00[America/New_York],Cycle generator: Status=restart
2021-06-06T21:07:04-04:00[America/New_York],Cycle generator: Status=restart
2021-06-06T21:08:44-04:00[America/New_York],Cycle generator: Status=restart
2021-06-06T21:10:24-04:00[America/New_York],Cycle generator: Status=restart
2021-06-06T21:12:04-04:00[America/New_York],Cycle generator: Status=restart
2021-06-06T21:13:44-04:00[America/New_York],Cycle generator: Status=restart
2021-06-06T21:15:24-04:00[America/New_York],Cycle generator: Status=restart
2021-06-06T21:17:04-04:00[America/New_York],Cycle generator: Status=restart
2021-06-06T21:18:44-04:00[America/New_York],Cycle generator: Status=restart
2021-06-06T21:20:24-04:00[America/New_York],Cycle generator: Status=restart
2021-06-06T21:22:04-04:00[America/New_York],Cycle generator: Status=restart
2021-06-06T21:23:44-04:00[America/New_York],Cycle generator: Status=restart
2021-06-06T21:25:24-04:00[America/New_York],Cycle generator: Status=restart
2021-06-06T21:27:04-04:00[America/New_York],Cycle generator: Status=restart
2021-06-06T21:28:44-04:00[America/New_York],Cycle generator: Status=restart
2021-06-06T21:30:24-04:00[America/New_York],Cycle generator: Status=restart
2021-06-06T21:32:04-04:00[America/New_York],Cycle generator: Status=restart
2021-06-06T21:33:44-04:00[America/New_York],Cycle generator: Status=restart
2021-06-06T21:35:24-04:00[America/New_York],Cycle generator: Status=restart
2021-06-06T21:37:04-04:00[America/New_York],Cycle generator: Status=restart
2021-06-06T21:38:44-04:00[America/New_York],Cycle generator: Status=restart
2021-06-06T21:40:24-04:00[America/New_York],Cycle generator: Status=restart
2021-06-06T21:42:04-04:00[America/New_York],Cycle generator: Status=restart
2021-06-06T21:43:44-04:00[America/New_York],Cycle generator: Status=restart
2021-06-06T21:45:24-04:00[America/New_York],Cycle generator: Status=restart
2021-06-06T21:47:04-04:00[America/New_York],Cycle generator: Status=restart
2021-06-06T21:48:44-04:00[America/New_York],Cycle generator: Status=restart
2021-06-06T21:50:24-04:00[America/New_York],Cycle generator: Status=restart
2021-06-06T21:52:04-04:00[America/New_York],Cycle generator: Status=restart
2021-06-06T21:53:44-04:00[America/New_York],Cycle generator: Status=restart
2021-06-06T21:55:24-04:00[America/New_York],Cycle generator: Status=restart
2021-06-06T21:57:04-04:00[America/New_York],Cycle generator: Status=restart
2021-06-06T21:58:44-04:00[America/New_York],Cycle generator: Status=restart
2021-06-06T22:00:24-04:00[America/New_York],Cycle generator: Status=restart
2021-06-06T22:02:04-04:00[America/New_York],Cycle generator: Status=restart
2021-06-06T22:03:44-04:00[America/New_York],Cycle generator: Status=restart
2021-06-06T22:05:24-04:00[America/New_York],Cycle generator: Status=restart
2021-06-06T22:07:04-04:00[America/New_York],Cycle generator: Status=restart
2021-06-06T22:08:44-04:00[America/New_York],Cycle generator: Status=restart
2021-06-06T22:10:24-04:00[America/New_York],Cycle generator: Status=restart
2021-06-06T22:12:04-04:00[America/New_York],Cycle generator: Status=restart
2021-06-06T22:13:44-04:00[America/New_York],Cycle generator: Status=restart
2021-06-06T22:15:24-04:00[America/New_York],Cycle generator: Status=restart
2021-06-06T22:17:04-04:00[America/New_York],Cycle generator: Status=restart
2021-06-06T22:18:44-04:00[America/New_York],Cycle generator: Status=restart
2021-06-06T22:20:24-04:00[America/New_York],Cycle generator: Status=restart
2021-06-06T22:22:04-04:00[America/New_York],Cycle generator: Status=restart
2021-06-06T22:23:44-04:00[America/New_York],Cycle generator: Status=restart
2021-06-06T22:25:24-04:00[America/New_York],Cycle generator: Status=restart
2021-06-06T22:27:04-04:00[America/New_York],Cycle generator: Status=restart
2021-06-06T22:28:44-04:00[America/New_York],Cycle generator: Status=restart
2021-06-06T22:30:24-04:00[America/New_York],Cycle generator: Status=restart
2021-06-06T22:32:04-04:00[America/New_York],Cycle generator: Status=restart
2021-06-06T22:33:44-04:00[America/New_York],Cycle generator: Status=restart
2021-06-06T22:35:24-04:00[America/New_York],Cycle generator: Status=restart
2021-06-06T22:37:04-04:00[America/New_York],Cycle generator: Status=restart
2021-06-06T22:38:44-04:00[America/New_York],Cycle generator: Status=restart
2021-06-06T22:40:24-04:00[America/New_York],Cycle generator: Status=restart
2021-06-06T22:42:04-04:00[America/New_York],Cycle generator: Status=restart
2021-06-06T22:43:44-04:00[America/New_York],Cycle generator: Status=restart
2021-06-06T22:45:24-04:00[America/New_York],Cycle generator: Status=restart
2021-06-06T22:47:04-04:00[America/New_York],Cycle generator: Status=restart
2021-06-06T22:48:44-04:00[America/New_York],Cycle generator: Status=restart
2021-06-06T22:50:24-04:00[America/New_York],Cycle generator: Status=restart
2021-06-06T22:52:04-04:00[America/New_York],Cycle generator: Status=restart
2021-06-06T22:53:44-04:00[America/New_York],Cycle generator: Status=restart
2021-06-06T22:55:24-04:00[America/New_York],Cycle generator: Status=restart
2021-06-06T22:55:34-04:00[America/New_York],Cycle length: Nominal=90
2021-06-06T22:55:34-04:00[America/New_York],Cycle length: Active=90
2021-06-06T22:56:55-04:00[America/New_York],Cycle generator: Status=restart
2021-06-06T22:58:25-04:00[America/New_York],Cycle generator: Status=restart
2021-06-06T22:59:55-04:00[America/New_York],Cycle generator: Status=restart
2021-06-06T23:01:25-04:00[America/New_York],Cycle generator: Status=restart
2021-06-06T23:02:55-04:00[America/New_York],Cycle generator: Status=restart
2021-06-06T23:04:25-04:00[America/New_York],Cycle generator: Status=restart
2021-06-06T23:05:55-04:00[America/New_York],Cycle generator: Status=restart
2021-06-06T23:07:25-04:00[America/New_York],Cycle generator: Status=restart
2021-06-06T23:08:55-04:00[America/New_York],Cycle generator: Status=restart
2021-06-06T23:10:25-04:00[America/New_York],Cycle generator: Status=restart
2021-06-06T23:11:55-04:00[America/New_York],Cycle generator: Status=restart
2021-06-06T23:13:25-04:00[America/New_York],Cycle generator: Status=restart
2021-06-06T23:14:55-04:00[America/New_York],Cycle generator: Status=restart
2021-06-06T23:16:25-04:00[America/New_York],Cycle generator: Status=restart
2021-06-06T23:17:55-04:00[America/New_York],Cycle generator: Status=restart
2021-06-06T23:19:25-04:00[America/New_York],Cycle generator: Status=restart
2021-06-06T23:20:55-04:00[America/New_York],Cycle generator: Status=restart
2021-06-06T23:22:25-04:00[America/New_York],Cycle generator: Status=restart
2021-06-06T23:23:55-04:00[America/New_York],Cycle generator: Status=restart
2021-06-06T23:25:25-04:00[America/New_York],Cycle generator: Status=restart
2021-06-06T23:26:55-04:00[America/New_York],Cycle generator: Status=restart
2021-06-06T23:28:25-04:00[America/New_York],Cycle generator: Status=restart
2021-06-06T23:29:55-04:00[America/New_York],Cycle generator: Status=restart
2021-06-06T23:31:25-04:00[America/New_York],Cycle generator: Status=restart
2021-06-06T23:32:55-04:00[America/New_York],Cycle generator: Status=restart
2021-06-06T23:34:25-04:00[America/New_York],Cycle generator: Status=restart
2021-06-06T23:35:55-04:00[America/New_York],Cycle generator: Status=restart
2021-06-06T23:37:25-04:00[America/New_York],Cycle generator: Status=restart
2021-06-06T23:38:55-04:00[America/New_York],Cycle generator: Status=restart
2021-06-06T23:40:25-04:00[America/New_York],Cycle generator: Status=restart
2021-06-06T23:41:55-04:00[America/New_York],Cycle generator: Status=restart
2021-06-06T23:43:25-04:00[America/New_York],Cycle generator: Status=restart
2021-06-06T23:44:55-04:00[America/New_York],Cycle generator: Status=restart
2021-06-06T23:46:25-04:00[America/New_York],Cycle generator: Status=restart
2021-06-06T23:47:55-04:00[America/New_York],Cycle generator: Status=restart
2021-06-06T23:49:25-04:00[America/New_York],Cycle generator: Status=restart
2021-06-06T23:50:55-04:00[America/New_York],Cycle generator: Status=restart
2021-06-06T23:52:25-04:00[America/New_York],Cycle generator: Status=restart
2021-06-06T23:53:55-04:00[America/New_York],Cycle generator: Status=restart
2021-06-06T23:55:25-04:00[America/New_York],Cycle generator: Status=restart
2021-06-06T23:56:55-04:00[America/New_York],Cycle generator: Status=restart
2021-06-06T23:58:25-04:00[America/New_York],Cycle generator: Status=restart
2021-06-06T23:59:55-04:00[America/New_York],Cycle generator: Status=restart
